box,sample,type,mapping,rep,filename,corr_to_sample_median,auc,peak_base_ratio,smooth_d2_std,auc_z,pbr_z,smooth_z,corr_z,spectrum_qc,keep,mapping_failed,sample_failed
Box1-2,AdCo_001,Control,1,1,AdCo_001_Map1_10%_10Vis_20sec+10sec_15accm.txt,0.999961455212447,19742862.725155,4.036628880825222,172.21851243578922,1.390492708163975,1.577318382420824,1.336656449105948,0.7231608559211636,Good,True,False,False
Box1-2,AdCo_001,Control,1,2,AdCo_001_Map1_10%_10Vis_20sec+10sec_15accm.txt,0.9999643959613909,18693159.60326,3.907240527948705,157.32437188187657,1.2405841632826518,1.4050368978077192,1.1216600303655966,0.7239506931101743,Good,True,False,False
Box1-2,AdCo_001,Control,1,3,AdCo_001_Map1_10%_10Vis_20sec+10sec_15accm.txt,0.9999949166016507,19625845.622984998,4.013866870020668,169.89617316095024,1.373781446525669,1.547010607980488,1.303133559659381,0.7321480391500529,Good,True,False,False
Box1-2,AdCo_001,Control,2,1,AdCo_001_Map2_10%_10Vis_20sec+10sec_15accm.txt,0.9986660978183881,12775396.576985,4.066424433912584,111.7187043932095,0.39546593345412445,1.6169913669409854,0.4633437516360438,0.37524899319480515,Good,True,False,False
Box1-2,AdCo_001,Control,2,2,AdCo_001_Map2_10%_10Vis_20sec+10sec_15accm.txt,0.9990718814226573,13007026.923870001,3.9909178617070156,111.66326047370973,0.42854516083529254,1.5164538450665357,0.46254342051990904,0.48423584907923894,Good,True,False,False
Box1-2,AdCo_001,Control,2,3,AdCo_001_Map2_10%_10Vis_20sec+10sec_15accm.txt,0.9993605869349992,13740639.130475,4.019551441589767,117.04094649167772,0.5333126289940969,1.5545796542473378,0.5401701376029201,0.561777439561451,Good,True,False,False
Box1-2,AdCo_001,Control,3,1,AdCo_001_Map3_10%_10Vis_20sec+10sec_15accm.txt,0.9998558846845403,21964199.748869997,4.030833183711849,194.7779271386444,1.7077227839543316,1.5696013717250255,1.6623008427811614,0.6948063344729122,Good,True,False,False
Box1-2,AdCo_001,Control,3,2,AdCo_001_Map3_10%_10Vis_20sec+10sec_15accm.txt,0.9999505175986227,20430640.407275,3.9550118364614253,177.42119030714295,1.4887145285795684,1.4686447247064556,1.4117569294694747,0.7202231912914537,Good,True,False,False
Box1-2,AdCo_001,Control,3,3,AdCo_001_Map3_10%_10Vis_20sec+10sec_15accm.txt,0.9999511644036825,20681415.64034,3.9817874506229094,178.56717269331386,1.5245278452182605,1.5042966397097368,1.4282991467309833,0.7203969125780926,Good,True,False,False
Box1-2,AdCo_002,Control,1,1,AdCo_002_Map1_10%_10Vis_20sec+10sec_15acc.txt,0.9995022210260118,19914318.03047,3.784950670004416,169.13964733976866,1.4149783125180466,1.2422071081753054,1.2922131348352768,0.5998180456951472,Good,True,False,False
Box1-2,AdCo_002,Control,1,2,AdCo_002_Map1_10%_10Vis_20sec+10sec_15acc.txt,0.9998706926078432,18573231.219445,3.706548727498447,148.31393458314858,1.2234571402866457,1.1378143807683,0.9915946705350756,0.6987835010858056,Good,True,False,False
Box1-2,AdCo_002,Control,1,3,AdCo_002_Map1_10%_10Vis_20sec+10sec_15acc.txt,0.9999049591709169,18547805.20474,3.725983323559939,152.71700390521985,1.2198260404194021,1.1636916795196435,1.0551528283411096,0.7079869408800135,Good,True,False,False
Box1-2,AdCo_002,Control,2,1,AdCo_002_Map2_10%_10Vis_20sec+10sec_15acc.txt,0.9968109273765576,21743692.26031,3.508462025023526,179.90881883042414,1.6762320166545366,0.8740605696577832,1.4476657636667798,-0.12301952100244819,Good,True,False,False
Box1-2,AdCo_002,Control,2,2,AdCo_002_Map2_10%_10Vis_20sec+10sec_15acc.txt,0.9983414442380728,21928834.840985,3.3892234540490627,168.56944166287346,1.7026723065666574,0.7152935896790624,1.2839822350371892,0.28805233813549236,Good,True,False,False
Box1-2,AdCo_002,Control,2,3,AdCo_002_Map2_10%_10Vis_20sec+10sec_15acc.txt,0.9982416852046911,22489418.130115,3.3867698633450227,177.7352955264724,1.7827294421561524,0.7120266167272672,1.4162910277626286,0.2612586893040726,Good,True,False,False
Box1-2,AdCo_002,Control,3,1,AdCo_002_Map3_10%_10Vis_20sec+10sec_15acc.txt,0.9993608774424254,18572932.186375,3.5939782663726545,153.47183487840005,1.2234144352479919,0.9879260350619288,1.0660487880912277,0.5618554651166049,Good,True,False,False
Box1-2,AdCo_002,Control,3,2,AdCo_002_Map3_10%_10Vis_20sec+10sec_15acc.txt,0.9997056425856006,17865091.984225,3.6445952698727955,139.61007932971972,1.122327477898329,1.0553229244712359,0.8659548122332138,0.6544537578467288,Good,True,False,False
Box1-2,AdCo_002,Control,3,3,AdCo_002_Map3_10%_10Vis_20sec+10sec_15acc.txt,0.9995791716544857,17966440.971860003,3.6202159286496625,140.81095149325915,1.136801169501847,1.022861663419252,0.8832893615878008,0.620485729079756,Good,True,False,False
Box1-2,AdCo_003,Control,1,1,AdCo_003_Map1_10%_10Vis_20sec+10sec_15accm.txt,0.9988798141157593,12472882.891520001,3.5067517094753757,98.92644108868468,0.3522638266404605,0.8717832727045294,0.278687860408137,0.4326497039595919,Good,True,False,False
Box1-2,AdCo_003,Control,1,2,AdCo_003_Map1_10%_10Vis_20sec+10sec_15accm.txt,0.9999007086442958,12350096.95977,3.490887321427708,91.82235984527955,0.33472871602050625,0.850659730557432,0.1761406862194675,0.7068453187754854,Good,True,False,False
Box1-2,AdCo_003,Control,1,3,AdCo_003_Map1_10%_10Vis_20sec+10sec_15accm.txt,0.999799080683779,12293550.81168,3.407761602457074,89.35542929054265,0.3266533367994625,0.7399772621944568,0.14053062650304746,0.6795497066064753,Good,True,False,False
Box1-2,AdCo_003,Control,2,1,AdCo_003_Map2_10%_10Vis_20sec+10sec_15accm.txt,0.9996117620270051,11435408.927915,3.4249604322295584,84.5988962649387,0.20410173300438791,0.7628776227055726,0.07187023200607112,0.6292389714375459,Good,True,False,False
Box1-2,AdCo_003,Control,2,2,AdCo_003_Map2_10%_10Vis_20sec+10sec_15accm.txt,0.9993773334241448,10911822.01968,3.5648934626589113,81.15714675809073,0.12932806615016013,0.9491994182367922,0.022188693451011793,0.5662752733326584,Good,True,False,False
Box1-2,AdCo_003,Control,2,3,AdCo_003_Map2_10%_10Vis_20sec+10sec_15accm.txt,0.9992461480679032,11061132.711815,3.7304384308789578,85.00117328734258,0.15065118897061397,1.169623685654413,0.07767708731573489,0.5310410268908982,Good,True,False,False
Box1-2,AdCo_003,Control,3,1,AdCo_003_Map3_10%_10Vis_20sec+10sec_15accm.txt,0.9962502126220758,13587309.161005002,3.231598595283928,104.34696216911175,0.5114155114848625,0.5054150026480889,0.3569329001793142,-0.2736183561846594,Good,True,False,False
Box1-2,AdCo_003,Control,3,2,AdCo_003_Map3_10%_10Vis_20sec+10sec_15accm.txt,0.9991734309550824,13401944.893885,3.242458176677722,98.90190290878166,0.48494356243817577,0.5198746102032232,0.2783336526052457,0.5115103967423198,Good,True,False,False
Box1-2,AdCo_003,Control,3,3,AdCo_003_Map3_10%_10Vis_20sec+10sec_15accm.txt,0.9991813303462771,13435578.384459998,3.257569737286215,99.20271541411809,0.48974677539068723,0.5399957574206757,0.2826758710182883,0.5136320443413258,Good,True,False,False
Box1-2,AdCo_004,Control,1,1,AdCo_004_Map1_10%_10Vis_20sec+10sec_15accm.txt,0.999979123112239,36330842.335549995,2.9900307237495074,259.19049754137137,3.7594290617362494,0.1837657149220447,2.5920941335265675,0.7279061655595039,Suspect,True,False,False
Box1-2,AdCo_004,Control,1,2,AdCo_004_Map1_10%_10Vis_20sec+10sec_15accm.txt,0.9999090705691639,35495727.1064,3.103935772810765,256.4990941975162,3.640165904183564,0.33543107367292163,2.553243816637174,0.709091195373076,Suspect,True,False,False
Box1-2,AdCo_004,Control,1,3,AdCo_004_Map1_10%_10Vis_20sec+10sec_15accm.txt,0.9999438923323227,34380944.3085,3.1400428647972847,251.97656888535948,3.4809633033660776,0.38350791578587606,2.4879613156256704,0.7184437528522477,Good,True,False,False
Box1-2,AdCo_004,Control,2,1,AdCo_004_Map2_10%_10Vis_20sec+10sec_15accm.txt,0.9995870770355644,39553406.3962,3.056514186628673,294.3967753065126,4.2196447923008895,0.27228890447044235,3.1002955708156104,0.6226089854638606,Suspect,True,False,False
Box1-2,AdCo_004,Control,2,2,AdCo_004_Map2_10%_10Vis_20sec+10sec_15accm.txt,0.9998080278528735,40150838.49595,3.02524392039496,295.17742268457226,4.304964322052535,0.23065232922063975,3.1115641895032313,0.681952770255219,Suspect,True,False,False
Box1-2,AdCo_004,Control,2,3,AdCo_004_Map2_10%_10Vis_20sec+10sec_15accm.txt,0.9997802450381086,40794217.083,3.082923192987498,301.8921258042825,4.396845489004151,0.3074526786549507,3.208490703551947,0.6744907594765952,Suspect,True,False,False
Box1-2,AdCo_004,Control,3,1,AdCo_004_Map3_10%_10Vis_20sec+10sec_15accm.txt,0.9999445422194466,36014883.636250004,3.1913732055674844,266.6176407995532,3.7143068668349417,0.45185461869217436,2.6993046970498966,0.7186183019310368,Suspect,True,False,False
Box1-2,AdCo_004,Control,3,2,AdCo_004_Map3_10%_10Vis_20sec+10sec_15accm.txt,0.9999370632111466,31925356.97595,3.2477074389227676,238.95714852393138,3.1302798423251734,0.5268640391015343,2.3000264199094533,0.7166095623191471,Good,True,False,False
Box1-2,AdCo_004,Control,3,3,AdCo_004_Map3_10%_10Vis_20sec+10sec_15accm.txt,0.9999585627071451,31221965.805150002,3.2068868111636215,233.6735312311994,3.0298282530161487,0.4725110915847182,2.223757581716333,0.7223839761873373,Good,True,False,False
Box1-2,AdCo_005,Control,1,1,AdCo_005_Map1_10%_10Vis_20sec+10sec_15accm.txt,0.9994884658578347,16610132.132805001,4.115626321080808,129.88711153619775,0.9431061330372892,1.6825040191902791,0.7256040986376007,0.5961236319336839,Good,True,False,False
Box1-2,AdCo_005,Control,1,2,AdCo_005_Map1_10%_10Vis_20sec+10sec_15accm.txt,0.9999792495034091,16980332.55466,4.258709067739578,132.43039718756248,0.9959746111785651,1.8730196836134836,0.7623163416097872,0.7279401121657597,Good,True,False,False
Box1-2,AdCo_005,Control,1,3,AdCo_005_Map1_10%_10Vis_20sec+10sec_15accm.txt,0.9999594230175567,17027723.305955,4.30384660586268,134.34366072844952,1.0027425043278595,1.9331206270658676,0.7899342365737997,0.7226150415282134,Good,True,False,False
Box1-2,AdCo_005,Control,2,1,AdCo_005_Map2_10%_10Vis_20sec+10sec_15accm.txt,0.9996581275966274,11975298.363215,4.312285419564089,95.20873053866737,0.28120357061397255,1.944356965735699,0.22502283346188778,0.6416920069995176,Good,True,False,False
Box1-2,AdCo_005,Control,2,2,AdCo_005_Map2_10%_10Vis_20sec+10sec_15accm.txt,0.999194608204698,11484963.637505,4.3983738962457535,91.41743645935357,0.21117866194906212,2.058984366433444,0.17029563074122886,0.5171982604894009,Good,True,False,False
Box1-2,AdCo_005,Control,2,3,AdCo_005_Map2_10%_10Vis_20sec+10sec_15accm.txt,0.9994391478239852,11831880.315000001,4.343336147380086,93.31644688247468,0.26072197875320224,1.9857012240675336,0.1977077824289195,0.5828776126487683,Good,True,False,False
Box1-2,AdCo_005,Control,3,1,AdCo_005_Map3_10%_10Vis_20sec+10sec_15accm.txt,0.9992914822043951,19815333.8522,4.162822194299479,161.12147433809992,1.4008423403357964,1.7453456500245814,1.1764710768118956,0.5432170363415108,Good,True,False,False
Box1-2,AdCo_005,Control,3,2,AdCo_005_Map3_10%_10Vis_20sec+10sec_15accm.txt,0.9995266955158957,19665589.672645003,4.106164835033136,151.17692712084295,1.3794573109943453,1.6699059852351301,1.0329218716754556,0.6063914943849238,Good,True,False,False
Box1-2,AdCo_005,Control,3,3,AdCo_005_Map3_10%_10Vis_20sec+10sec_15accm.txt,0.9996152154953939,20140165.23277,4.070658057136853,155.8321671277877,1.447231646585674,1.6226284654753937,1.100120104849575,0.6301665167046124,Good,True,False,False
Box1-2,AdCo_006,Control,1,1,AdCo_006_Map1_10%_10Vis_20sec+10sec_15accm.txt,0.9991521683628216,16446662.9069,3.5320673758865238,122.25037994499444,0.9197610240468004,0.9054912572048426,0.6153681345652257,0.5057996113530816,Good,True,False,False
Box1-2,AdCo_006,Control,1,2,AdCo_006_Map1_10%_10Vis_20sec+10sec_15accm.txt,0.9999814854354135,16882001.522035003,3.777352724474721,126.9455574567673,0.9819319150009255,1.2320903912779615,0.6831428642804104,0.7285406470236765,Good,True,False,False
Box1-2,AdCo_006,Control,1,3,AdCo_006_Map1_10%_10Vis_20sec+10sec_15accm.txt,0.9999456401795211,17251277.33255,3.7920820947531597,129.66060647760875,1.03466834900737,1.251702649433897,0.7223345057230626,0.718913196094207,Good,True,False,False
Box1-2,AdCo_006,Control,2,1,AdCo_006_Map2_10%_10Vis_20sec+10sec_15accm.txt,0.9997306738845172,15163686.601640001,3.787861299669875,116.62463632016257,0.736538637614781,1.2460826316577225,0.5341607142570778,0.6611767563585563,Good,True,False,False
Box1-2,AdCo_006,Control,2,2,AdCo_006_Map2_10%_10Vis_20sec+10sec_15accm.txt,0.9998576229285348,14778070.226315,3.790018350456263,111.11068044289449,0.6814686006665975,1.248954759663088,0.45456694633110467,0.6952731984509475,Good,True,False,False
Box1-2,AdCo_006,Control,2,3,AdCo_006_Map2_10%_10Vis_20sec+10sec_15accm.txt,0.9998411446917858,15312683.9253,3.8957741273100597,117.44149600093746,0.7578170081513567,1.3897693062411138,0.5459520563183594,0.6908474128970274,Good,True,False,False
Box1-2,AdCo_006,Control,3,1,AdCo_006_Map3_10%_10Vis_20sec+10sec_15accm.txt,0.9984931290828869,17729829.097945,3.5472952674691065,138.00396996334257,1.1030105281477394,0.9257672999169599,0.8427706774638053,0.32879241276560833,Good,True,False,False
Box1-2,AdCo_006,Control,3,2,AdCo_006_Map3_10%_10Vis_20sec+10sec_15accm.txt,0.9993239101306236,18020989.53734,3.563719862227324,134.9322561354625,1.1445912731091485,0.9476367611644869,0.7984305915085976,0.5519266482758312,Good,True,False,False
Box1-2,AdCo_006,Control,3,3,AdCo_006_Map3_10%_10Vis_20sec+10sec_15accm.txt,0.9994023191617832,19322430.847565,3.629981666289237,147.36945225531394,1.330450654676071,1.035864810468304,0.977961099849142,0.5729860348284798,Good,True,False,False
Box1-2,DM1_002,DM1,1,1,DM1_002_Map1_10%_10Vis_20sec+10sec_15accm.txt,0.8635131745766128,4956854.607539999,1.2802614095160212,17.257271586099538,-0.721103337690994,-2.0928039241025194,-0.9002038588553786,-35.92462121530673,Failed,False,True,True
Box1-2,DM1_002,DM1,1,2,DM1_002_Map1_10%_10Vis_20sec+10sec_15accm.txt,0.8449928166754462,4374407.558499999,1.2445417952693179,16.794587945240988,-0.804282846040347,-2.1403648369313766,-0.90688268167394,-40.898887194183764,Failed,False,True,True
Box1-2,DM1_002,DM1,1,3,DM1_002_Map1_10%_10Vis_20sec+10sec_15accm.txt,0.9431393462969577,5613212.832489999,1.3708770807044655,20.230456353492805,-0.6273685431849861,-1.9721485326821104,-0.857286036579625,-14.538330565287277,Failed,False,True,True
Box1-2,DM1_002,DM1,2,1,DM1_002_Map2_10%_10Vis_20sec+10sec_15accm.txt,0.9114031987015132,4041664.5241399994,1.270298324478953,15.6921984432908,-0.8518020188996741,-2.106069840572998,-0.9227956371156013,-23.062142044907567,Failed,False,True,True
Box1-2,DM1_002,DM1,2,2,DM1_002_Map2_10%_10Vis_20sec+10sec_15accm.txt,0.9818176102753841,3790857.7617949997,1.5519720923417508,17.298684331004676,-0.8876198382481201,-1.731019275161734,-0.899606067273341,-4.149979883479312,Failed,False,True,True
Box1-2,DM1_002,DM1,2,3,DM1_002_Map2_10%_10Vis_20sec+10sec_15accm.txt,0.8853037200187177,2863171.3705514995,2.205859496425237,20.0932869886747,-1.0201031224422865,-0.8603636849107057,-0.8592660717545337,-30.07203621493754,Failed,False,True,True
Box1-2,DM1_002,DM1,3,1,DM1_002_Map3_10%_10Vis_20sec+10sec_15accm.txt,0.8501277348694852,3440682.2808999997,3.1596602164798653,27.86382092429039,-0.9376285461381381,0.40962855490768196,-0.7470986753337399,-39.5197319417188,Failed,False,True,True
Box1-2,DM1_002,DM1,3,2,DM1_002_Map3_10%_10Vis_20sec+10sec_15accm.txt,0.9307196191602412,3460201.334265,2.561346635578011,23.031391811855944,-0.9348410219073576,-0.38703010632690593,-0.8168546272954723,-17.874066650560973,Failed,False,True,True
Box1-2,DM1_002,DM1,3,3,DM1_002_Map3_10%_10Vis_20sec+10sec_15accm.txt,0.8775196241988541,3123155.8936455,3.020758122743677,23.61738468524293,-0.9829746232164026,0.22467945869670178,-0.8083958398461707,-32.162717357261876,Failed,False,True,True
Box1-2,DM1_004,DM1,1,1,DM1_004_Map1_10%_10Vis_20sec+10sec_15accm.txt,0.9250345647388347,4306975.713889999,3.4897959183673417,39.02445846049143,-0.813912816165519,0.8492065198520556,-0.5859952472804829,-19.400979518410317,Failed,False,False,False
Box1-2,DM1_004,DM1,1,2,DM1_004_Map1_10%_10Vis_20sec+10sec_15accm.txt,0.9976399739876441,3586596.505055,3.062427229621948,27.458779348294346,-0.9167904743402042,0.2801621620149973,-0.752945436881671,0.09964887312028058,Good,True,False,False
Box1-2,DM1_004,DM1,1,3,DM1_004_Map1_10%_10Vis_20sec+10sec_15accm.txt,0.9971062251560338,4002873.7881449996,2.6968562300319454,30.137299297597533,-0.8573417402423983,-0.2065981463179254,-0.7142810913600025,-0.043707355118575805,Good,True,False,False
Box1-2,DM1_004,DM1,2,1,DM1_004_Map2_10%_10Vis_20sec+10sec_15accm.txt,0.9981330246833533,3640094.245025,3.008870204279409,27.576138455048117,-0.9091504395665015,0.20885061323687729,-0.751251362116679,0.23207424603238852,Good,True,False,False
Box1-2,DM1_004,DM1,2,2,DM1_004_Map2_10%_10Vis_20sec+10sec_15accm.txt,0.9985947124949011,3551564.23569,2.9372006872677168,26.131076331685822,-0.9217934474807595,0.11342215682811319,-0.772110785341244,0.35607605993359653,Good,True,False,False
Box1-2,DM1_004,DM1,2,3,DM1_004_Map2_10%_10Vis_20sec+10sec_15accm.txt,0.9941539664552308,4357901.746115,2.818599255991332,33.27955370235567,-0.8066400480578589,-0.04449646724645838,-0.6689227545463605,-0.8366358770518836,Good,True,False,False
Box1-2,DM1_004,DM1,3,1,DM1_004_Map3_10%_10Vis_20sec+10sec_15accm.txt,0.9816596639230663,3006767.816212,3.279266873427201,24.787276401974403,-0.9995960535671985,0.568885643899014,-0.791508492200912,-4.192401696870548,Failed,False,False,False
Box1-2,DM1_004,DM1,3,2,DM1_004_Map3_10%_10Vis_20sec+10sec_15accm.txt,0.9879840598710995,2783642.874752,2.986539384396943,21.17429770470138,-1.0314606204178864,0.1791169724844471,-0.8436617183697642,-2.49377212561005,Good,True,False,False
Box1-2,DM1_004,DM1,3,3,DM1_004_Map3_10%_10Vis_20sec+10sec_15accm.txt,0.9915425642862502,3003320.8766179997,2.8877326106594343,22.56628658563494,-1.0000883124621682,0.0475550715027194,-0.8235684056174224,-1.5380158954967567,Good,True,False,False
Box1-2,DM1_005,DM1,1,1,DM1_005_Map1_10%_10Vis_20sec+10sec_15accm.txt,0.9785339772025013,3255286.3274099994,2.528654904577957,24.599481192517366,-0.9641050203286677,-0.43055937172096115,-0.7942193097431334,-5.031910155492419,Failed,False,True,True
Box1-2,DM1_005,DM1,1,2,DM1_005_Map1_10%_10Vis_20sec+10sec_15accm.txt,0.18978417203930745,4546618.783484999,0.8924122446284162,25.542980623428562,-0.7796892884798754,-2.6092277632448186,-0.7805999271412833,-216.8772396359791,Failed,False,True,True
Box1-2,DM1_005,DM1,1,3,DM1_005_Map1_10%_10Vis_20sec+10sec_15accm.txt,0.8355105268301442,8103885.84757,1.5894977014765532,44.793521327102944,-0.27167448104694003,-1.6810536676783097,-0.5027190185300036,-43.44567554627962,Failed,False,True,True
Box1-2,DM1_005,DM1,2,1,DM1_005_Map2_10%_10Vis_20sec+10sec_15accm.txt,0.9879394333339079,3617017.0187999997,2.9641309822076787,26.346560663134664,-0.9124461079618108,0.14928003035520926,-0.7690002762528904,-2.5057580854328547,Suspect,True,False,True
Box1-2,DM1_005,DM1,2,2,DM1_005_Map2_10%_10Vis_20sec+10sec_15accm.txt,0.9880867573283675,3416637.62368,2.909049235993204,26.45207470324115,-0.9410623737612409,0.07593830521578802,-0.7674771846271866,-2.4661892640621557,Good,True,False,True
Box1-2,DM1_005,DM1,2,3,DM1_005_Map2_10%_10Vis_20sec+10sec_15accm.txt,0.9961981847237311,3051137.2456449997,2.9602853709307824,22.501692655656395,-0.9932596366653339,0.14415957240594635,-0.8245008168275545,-0.2875922008624745,Good,True,False,True
Box1-2,DM1_005,DM1,3,1,DM1_005_Map3_10%_10Vis_20sec+10sec_15accm.txt,0.9034938038511122,4925309.135749999,2.441101661600415,37.38744672048193,-0.7256083598015282,-0.5471371188483103,-0.6096254567755516,-25.18647646262293,Failed,False,True,True
Box1-2,DM1_005,DM1,3,2,DM1_005_Map3_10%_10Vis_20sec+10sec_15accm.txt,0.9524475286610494,4210705.18743,2.7585109111601716,31.548810936969094,-0.8276612505900296,-0.12450451298869097,-0.6939059682451957,-12.038304642139858,Failed,False,True,True
Box1-2,DM1_005,DM1,3,3,DM1_005_Map3_10%_10Vis_20sec+10sec_15accm.txt,0.9775265633540376,4222124.47455,2.691210038573593,30.29526294008005,-0.8260304573876136,-0.21411608920249944,-0.712000891485294,-5.302485079573499,Failed,False,True,True
Box1-2,DM1_006,DM1,1,1,DM1_006_Map1_10%_10Vis_20sec+10sec_15accm.txt,0.6517567877359522,9115749.828049999,2.0240776835590553,60.923108291674964,-0.1271697598856427,-1.1024074230061718,-0.26988897233891557,-92.79893198686449,Failed,False,True,True
Box1-2,DM1_006,DM1,1,2,DM1_006_Map1_10%_10Vis_20sec+10sec_15accm.txt,0.8451022174212873,7689432.874365,1.7868539022414252,40.78067485554085,-0.3308626846818287,-1.4182725246350627,-0.5606443225928864,-40.869503938687025,Failed,False,True,True
Box1-2,DM1_006,DM1,1,3,DM1_006_Map1_10%_10Vis_20sec+10sec_15accm.txt,0.8589951905609801,7232252.810304999,1.7490830781654825,35.9999248150272,-0.39615276215464806,-1.4685646375045573,-0.6296542888868606,-37.138078012524275,Failed,False,True,True
Box1-2,DM1_006,DM1,2,1,DM1_006_Map2_10%_10Vis_20sec+10sec_15accm.txt,0.9036218881927136,7748701.596655,1.7856114956221953,37.48028180829063,-0.3223984934927719,-1.4199267976209653,-0.6082853854004985,-25.152075098121518,Failed,False,True,True
Box1-2,DM1_006,DM1,2,2,DM1_006_Map2_10%_10Vis_20sec+10sec_15accm.txt,0.9685891648210758,6067218.09463,1.9561595822424656,29.24848921200768,-0.562531860511312,-1.1928408435327653,-0.7271110350986443,-7.7029245148922545,Failed,False,True,True
Box1-2,DM1_006,DM1,2,3,DM1_006_Map2_10%_10Vis_20sec+10sec_15accm.txt,0.9890731798822072,5885794.51167,1.7989857589440765,25.685506141019033,-0.588441038793636,-1.4021188737276975,-0.7785425760809688,-2.2012522592511985,Good,True,True,True
Box1-2,DM1_006,DM1,3,1,DM1_006_Map3_10%_10Vis_20sec+10sec_15accm.txt,0.9138570480663025,5885752.96754,1.390860781366503,19.9453837402103,-0.588446971728336,-1.9455400973664108,-0.8614010501794255,-22.403078139247746,Failed,False,True,True
Box1-2,DM1_006,DM1,3,2,DM1_006_Map3_10%_10Vis_20sec+10sec_15accm.txt,0.956558867760398,4172857.11269,2.0191129102741994,21.037823986639918,-0.8330663500819606,-1.1090180528910638,-0.845631711907101,-10.934066035161942,Failed,False,True,True
Box1-2,DM1_006,DM1,3,3,DM1_006_Map3_10%_10Vis_20sec+10sec_15accm.txt,0.9707764006632442,4399763.184695,1.617556535692676,18.69120551078886,-0.8006617983858585,-1.6436931363182727,-0.8795050708049654,-7.115468651698951,Failed,False,True,True
Box1-2,DM1_009,DM1,1,1,DM1_009_Map1_10%_10Vis_20sec+10sec_15accm.txt,0.9917880438736507,8146575.26873,1.9146082841293397,55.034937886583144,-0.2655779868340157,-1.2481666836674088,-0.3548845144076459,-1.4720840832374367,Good,True,False,True
Box1-2,DM1_009,DM1,1,2,DM1_009_Map1_10%_10Vis_20sec+10sec_15accm.txt,0.9870130115086555,8271589.295374999,1.8768539057063318,55.204314635957516,-0.24772468104382733,-1.2984368990365487,-0.3524395667182134,-2.7545798734368434,Suspect,True,False,True
Box1-2,DM1_009,DM1,1,3,DM1_009_Map1_10%_10Vis_20sec+10sec_15accm.txt,0.9942607328822414,8288321.4678299995,1.8217667859420197,52.831644090599816,-0.24533515244939547,-1.3717857790946553,-0.3866889863645599,-0.8079601566149959,Good,True,False,True
Box1-2,DM1_009,DM1,2,1,DM1_009_Map2_10%_10Vis_20sec+10sec_15accm.txt,0.978214319480602,8157119.475369998,1.9101423437666425,53.89962759510619,-0.2640721642434563,-1.2541131140745827,-0.37127268034062344,-5.117765004486946,Failed,False,True,True
Box1-2,DM1_009,DM1,2,2,DM1_009_Map2_10%_10Vis_20sec+10sec_15accm.txt,0.9997169393898289,7866933.706974999,1.7487556126069028,46.743288693476956,-0.30551371602890903,-1.4690006601552639,-0.47457419207091,0.6574878951589063,Good,True,True,True
Box1-2,DM1_009,DM1,2,3,DM1_009_Map2_10%_10Vis_20sec+10sec_15accm.txt,0.7527630838652143,6845779.142914999,1.4087952120739,28.007858178502985,-0.45134522934365073,-1.9216602791349355,-0.7450195024060501,-65.67028873010972,Failed,False,True,True
Box1-2,DM1_009,DM1,3,1,DM1_009_Map3_10%_10Vis_20sec+10sec_15accm.txt,0.9161785727801561,7280579.3799,1.5498638872117525,36.54309537576239,-0.3892512243998454,-1.7338263648385899,-0.6218136400826852,-21.779554475997326,Failed,False,True,True
Box1-2,DM1_009,DM1,3,2,DM1_009_Map3_10%_10Vis_20sec+10sec_15accm.txt,0.8332305732488199,7031949.498670001,1.4957124700355544,31.87547728717106,-0.42475816243954545,-1.805929350444431,-0.6891905504497087,-44.05803388155162,Failed,False,True,True
Box1-2,DM1_009,DM1,3,3,DM1_009_Map3_10%_10Vis_20sec+10sec_15accm.txt,0.9072259449500101,7281257.34467,1.556366460453314,35.065148104196744,-0.3891544039655421,-1.7251681437007815,-0.64314775931726,-24.184084252078932,Failed,False,True,True
Box1-2,DM1_010,DM1,1,1,DM1_010_Map1_10%_10Vis_20sec+10sec_15accm.txt,0.975667497820429,7091158.180395001,3.526979270114785,66.89017950722288,-0.41630254566886005,0.8987164092626927,-0.18375449972079436,-5.801799751875248,Failed,False,True,True
Box1-2,DM1_010,DM1,1,2,DM1_010_Map1_10%_10Vis_20sec+10sec_15accm.txt,0.5753026305685591,7590048.676099999,1.7217786648924367,26.424230318340104,-0.3450557838880189,-1.5049206521735088,-0.7678791173881998,-113.33327127830587,Failed,False,True,True
Box1-2,DM1_010,DM1,1,3,DM1_010_Map1_10%_10Vis_20sec+10sec_15accm.txt,0.9802640772305982,9507758.788095001,2.571141520128512,71.75140348523058,-0.07118679522159617,-0.37398814996484636,-0.11358289484146322,-4.567233513942521,Failed,False,True,True
Box1-2,DM1_010,DM1,2,1,DM1_010_Map2_10%_10Vis_20sec+10sec_15accm.txt,0.9795759605522627,5245426.676619999,2.8975343512321987,41.93923839614124,-0.6798922389842659,0.06060615670572791,-0.5439204967896721,-4.752050427352512,Failed,False,False,True
Box1-2,DM1_010,DM1,2,2,DM1_010_Map2_10%_10Vis_20sec+10sec_15accm.txt,0.9945280434728142,4579128.69624,2.945436586657062,33.74977438737296,-0.7750465341489908,0.12438831369135644,-0.6621351347484666,-0.7361648930690242,Good,True,False,True
Box1-2,DM1_010,DM1,2,3,DM1_010_Map2_10%_10Vis_20sec+10sec_15accm.txt,0.9920042916036819,5026655.121615,2.852017383416763,38.743129338969936,-0.7111350968820481,0.0,-0.5900562237024223,-1.414003470959659,Good,True,False,True
Box1-2,DM1_010,DM1,3,1,DM1_010_Map3_10%_10Vis_20sec+10sec_15accm.txt,0.9973014233821201,6110801.672835,3.0871073793109707,46.83277044484432,-0.5563076713542501,0.3130239516148412,-0.4732825259947802,0.00871970381517542,Good,True,False,True
Box1-2,DM1_010,DM1,3,2,DM1_010_Map3_10%_10Vis_20sec+10sec_15accm.txt,0.9999403113560021,6012472.22961,2.9721977528089867,44.385135309633874,-0.5703501405490068,0.16002099107022058,-0.5086140569782892,0.7174819610349569,Good,True,False,True
Box1-2,DM1_010,DM1,3,3,DM1_010_Map3_10%_10Vis_20sec+10sec_15accm.txt,0.9985927955715395,5955899.891905,3.00167366287906,43.8964218922558,-0.5784292599199974,0.19926836870737905,-0.5156686187468125,0.35556120559262716,Good,True,False,True
Box1-2,DM1_013,DM1,1,1,DM1_013_Map1_10%_10Vis_20sec+10sec_15accm.txt,0.9799654858554666,3513710.6808599997,2.666700296520725,27.048011407022553,-0.9271993295866511,-0.2467509798590196,-0.7588748583200622,-4.647430285885542,Failed,False,False,False
Box1-2,DM1_013,DM1,1,2,DM1_013_Map1_10%_10Vis_20sec+10sec_15accm.txt,0.9999441812335268,3269741.4635249996,2.463261390045759,21.574673372018857,-0.9620406762528407,-0.51763128752491,-0.8378823090569238,0.7185213470023357,Good,True,False,False
Box1-2,DM1_013,DM1,1,3,DM1_013_Map1_10%_10Vis_20sec+10sec_15accm.txt,0.99074894284798,3340568.946375,2.301468821980305,21.11122785634953,-0.9519257736006673,-0.7330592082457567,-0.8445721295127947,-1.7511696661507439,Good,True,False,False
Box1-2,DM1_013,DM1,2,1,DM1_013_Map2_10%_10Vis_20sec+10sec_15accm.txt,0.9844835542227748,3552477.1855549994,2.6280112803639137,27.35488805181547,-0.921663068726084,-0.29826567181956276,-0.7544451042576031,-3.433950833184148,Suspect,True,False,False
Box1-2,DM1_013,DM1,2,2,DM1_013_Map2_10%_10Vis_20sec+10sec_15accm.txt,0.9907302538798246,3555056.27177,2.7333937854014505,26.445066731435105,-0.9212947483376333,-0.15794813924040035,-0.7675783444648744,-1.756189218093083,Good,True,False,False
Box1-2,DM1_013,DM1,2,3,DM1_013_Map2_10%_10Vis_20sec+10sec_15accm.txt,0.9775903061318602,3685607.3946699994,2.908550955414008,29.16707375575502,-0.9026506874995258,0.0752748411865355,-0.7282862644756651,-5.285364809392238,Failed,False,False,False
Box1-2,DM1_013,DM1,3,1,DM1_013_Map3_10%_10Vis_20sec+10sec_15accm.txt,0.9588387941516905,2535913.4129505,2.8492940665516344,20.741836831024013,-1.0668389691798243,-0.0036261151963499303,-0.8499042765589664,-10.321715002688874,Failed,False,False,False
Box1-2,DM1_013,DM1,3,2,DM1_013_Map3_10%_10Vis_20sec+10sec_15accm.txt,0.9892273675193689,2414805.6598989996,2.712605225965169,17.49528841336307,-1.084134418393143,-0.18562824956739662,-0.8967680939465965,-2.1598399754287305,Good,True,False,False
Box1-2,DM1_013,DM1,3,3,DM1_013_Map3_10%_10Vis_20sec+10sec_15accm.txt,0.9916280388631894,2644694.1641074996,2.629604184258826,19.01230694614684,-1.0513039442981185,-0.29614470929271625,-0.8748699823683778,-1.5150588186197083,Good,True,False,False
Box1-2,DM1_014,DM1,1,1,DM1_014_Map1_10%_10Vis_20sec+10sec_15accm.txt,0.9754604371638609,5052178.302315,1.9124650662528968,33.54564801793052,-0.7074901206981411,-1.251020393057738,-0.6650816920366658,-5.857412866104867,Failed,False,True,True
Box1-2,DM1_014,DM1,1,2,DM1_014_Map1_10%_10Vis_20sec+10sec_15accm.txt,0.9975289358614908,5283249.403179999,1.651570366635342,29.670880569773143,-0.6744907594765952,-1.5984034857283609,-0.7210138300334892,0.06982584398497892,Good,True,True,True
Box1-2,DM1_014,DM1,1,3,DM1_014_Map1_10%_10Vis_20sec+10sec_15accm.txt,0.9787433617191523,5994373.761954999,1.7609935564041512,38.563857741501664,-0.5729347903363152,-1.4527057535494596,-0.5926440031918145,-4.975672890357549,Failed,False,True,True
Box1-2,DM1_014,DM1,2,1,DM1_014_Map2_10%_10Vis_20sec+10sec_15accm.txt,0.9367126283020119,3972182.7372399997,2.435606518284041,29.65119322485518,-0.861724742146538,-0.5544539400896334,-0.7212980161962657,-16.264442168998915,Failed,False,True,True
Box1-2,DM1_014,DM1,2,2,DM1_014_Map2_10%_10Vis_20sec+10sec_15accm.txt,0.8872219320398171,5435155.102395,2.345455412494037,44.26727524231168,-0.6527970426022555,-0.6744907594765952,-0.5103153630922637,-29.556835761050692,Failed,False,True,True
Box1-2,DM1_014,DM1,2,3,DM1_014_Map2_10%_10Vis_20sec+10sec_15accm.txt,0.9684459328702885,6609557.076579999,1.8768372093023244,42.89603563746555,-0.4850802021131053,-1.298459130413687,-0.5301091607410583,-7.741394280092898,Failed,False,True,True
Box1-2,DM1_014,DM1,3,1,DM1_014_Map3_10%_10Vis_20sec+10sec_15accm.txt,0.6079152819350205,4832308.299189999,1.0370326357529733,17.327348242489897,-0.7388898484345114,-2.4166647146059286,-0.8991923046736056,-104.57404518565308,Failed,False,True,True
Box1-2,DM1_014,DM1,3,2,DM1_014_Map3_10%_10Vis_20sec+10sec_15accm.txt,0.9068097670117136,2732575.068767,2.190843070535472,17.50103277399785,-1.0387536352959148,-0.8803581595937586,-0.8966851742937331,-24.29586285650305,Failed,False,True,True
Box1-2,DM1_014,DM1,3,3,DM1_014_Map3_10%_10Vis_20sec+10sec_15accm.txt,0.5834189201774639,4612304.988475,1.0184859268845028,18.633955272112154,-0.7703086138839469,-2.4413597854334905,-0.8803314760777616,-111.15336830387442,Failed,False,True,True
Box1-2,DM1_016,DM1,1,1,DM1_016_Map1_10%_10Vis_20sec+10sec_15accm.txt,0.9992629370634143,7849559.642039999,2.9179018470697704,56.08684468999698,-0.3079949135587188,0.08772561794577381,-0.33970027502411365,0.5355502771783823,Good,True,False,False
Box1-2,DM1_016,DM1,1,2,DM1_016_Map1_10%_10Vis_20sec+10sec_15accm.txt,0.9999803817368129,8118524.764359999,2.979715840933612,58.77682837311398,-0.26958389117552395,0.17003137728171172,-0.3008704508898028,0.7282442115860183,Good,True,False,False
Box1-2,DM1_016,DM1,1,3,DM1_016_Map1_10%_10Vis_20sec+10sec_15accm.txt,0.9862232333901298,9116352.33367,3.335232066248226,78.56995376123592,-0.1270837158043275,0.6434036842906911,-0.01515735057888555,-2.9667013911099014,Suspect,True,False,False
Box1-2,DM1_016,DM1,2,1,DM1_016_Map2_10%_10Vis_20sec+10sec_15accm.txt,0.9884156556997165,8737736.16919,2.5143144749365867,54.74455068714484,-0.18115404969385723,-0.44965375273501484,-0.3590762438801381,-2.3778525273835296,Good,True,False,False
Box1-2,DM1_016,DM1,2,2,DM1_016_Map2_10%_10Vis_20sec+10sec_15accm.txt,0.9717650286789439,9870082.33725,2.55318206076316,66.68095703108824,-0.01944321658765976,-0.39790129402708263,-0.18677461913796473,-6.849939295813784,Failed,False,False,False
Box1-2,DM1_016,DM1,2,3,DM1_016_Map2_10%_10Vis_20sec+10sec_15accm.txt,0.9939079506527014,6454247.708419999,3.579048800661701,46.82601192531878,-0.5072599983828092,0.9680473484569748,-0.4733800849971757,-0.9027117079466455,Good,True,False,False
Box1-2,DM1_016,DM1,3,1,DM1_016_Map3_10%_10Vis_20sec+10sec_15accm.txt,0.9895862637380268,6444007.628835,3.5455170248691186,49.7481952935195,-0.5087223884605723,0.9233995576254991,-0.43119846620610486,-2.063446306367655,Good,True,False,False
Box1-2,DM1_016,DM1,3,2,DM1_016_Map3_10%_10Vis_20sec+10sec_15accm.txt,0.9538615328846826,6506841.20008,2.773225397126977,36.24312316591308,-0.49974909969104814,-0.10491207339639401,-0.626143728858589,-11.658526176672746,Failed,False,False,False
Box1-2,DM1_016,DM1,3,3,DM1_016_Map3_10%_10Vis_20sec+10sec_15accm.txt,0.9970166703426709,8796816.654395,2.4815645605017362,52.65279665867442,-0.17271674072217852,-0.4932604897739574,-0.3892706430385845,-0.06776031693133133,Good,True,False,False
Box1-2,DM1_018,DM1,1,1,DM1_018_Map1_10%_10Vis_20sec+10sec_15accm.txt,0.975583952324625,5035973.948224999,2.6739065018807064,41.39371136206009,-0.7098042713295962,-0.2371558677005909,-0.5517951612074644,-5.8242387090316985,Failed,False,True,True
Box1-2,DM1_018,DM1,1,2,DM1_018_Map1_10%_10Vis_20sec+10sec_15accm.txt,0.9990109601630283,4950367.719085,2.3154731707317056,34.2083461843146,-0.7220297329629647,-0.7144123212555996,-0.6555156662587671,0.46787339265261574,Good,True,True,True
Box1-2,DM1_018,DM1,1,3,DM1_018_Map1_10%_10Vis_20sec+10sec_15accm.txt,0.9314510609656367,4996852.195344999,1.9204947446109981,26.77994857195091,-0.7153912653330627,-1.2403288209204866,-0.7627443363425889,-17.677613314857446,Failed,False,True,True
Box1-2,DM1_018,DM1,2,1,DM1_018_Map2_10%_10Vis_20sec+10sec_15accm.txt,0.9998734264549979,4703973.946255,2.479439315346589,35.00028045362338,-0.7572173314204067,-0.49609026836187253,-0.6440841216749866,0.6995177678297545,Good,True,True,True
Box1-2,DM1_018,DM1,2,2,DM1_018_Map2_10%_10Vis_20sec+10sec_15accm.txt,0.9596510525273777,5966260.39194,1.8395832180218068,32.573118374221394,-0.5769496725470592,-1.3480630768500133,-0.6791201247853996,-10.103555654700015,Failed,False,True,True
Box1-2,DM1_018,DM1,2,3,DM1_018_Map2_10%_10Vis_20sec+10sec_15accm.txt,0.9712470234422319,5111520.993305,2.0855712964483573,30.527584843225146,-0.6990153660078882,-1.0205282531484088,-0.7086473326149222,-6.989067051314352,Failed,False,True,True
Box1-2,DM1_018,DM1,3,1,DM1_018_Map3_10%_10Vis_20sec+10sec_15accm.txt,0.9936536585428372,3979752.5959749995,2.6443420173680656,29.513586559501835,-0.8606436874328277,-0.276521182819177,-0.7232843637897157,-0.9710104199664085,Good,True,False,True
Box1-2,DM1_018,DM1,3,2,DM1_018_Map3_10%_10Vis_20sec+10sec_15accm.txt,0.9840473333768094,3362765.052805,2.594330670623346,24.5187373079267,-0.9487559382943328,-0.34311163607971007,-0.795384845005765,-3.5511126356148646,Failed,False,False,True
Box1-2,DM1_018,DM1,3,3,DM1_018_Map3_10%_10Vis_20sec+10sec_15accm.txt,0.9916818450047538,3528820.1901700003,2.41146948921999,24.631027531446442,-0.925041534199281,-0.5865925608298859,-0.7937639394000396,-1.5006073668245254,Good,True,False,True
Box1-2,DM1_019,DM1,1,1,DM1_019_Map1_10%_10Vis_20sec+10sec_15accm.txt,0.9971276471369519,8229598.809264999,2.297732361977075,66.67943992167451,-0.2537213600479307,-0.7380343305210074,-0.1867965185614063,-0.037953760536336416,Good,True,False,False
Box1-2,DM1_019,DM1,1,2,DM1_019_Map1_10%_10Vis_20sec+10sec_15accm.txt,0.992196721648758,7497197.893339999,2.1376282136884197,53.76835119978126,-0.35831584327463445,-0.9512141086592321,-0.3731676506987881,-1.3623199002833086,Good,True,False,False
Box1-2,DM1_019,DM1,1,3,DM1_019_Map1_10%_10Vis_20sec+10sec_15accm.txt,0.9924226152434865,8089662.34309,2.2723303416490945,60.204649293547256,-0.27370574571142975,-0.7718572958574105,-0.28025990385054683,-1.3016485661168524,Good,True,False,False
Box1-2,DM1_019,DM1,2,1,DM1_019_Map2_10%_10Vis_20sec+10sec_15accm.txt,0.9948799060072029,7435011.494785,1.9926022174960305,53.791206986459926,-0.3671967090397669,-1.1443172232445475,-0.3728377281855944,-0.6416603568504872,Good,True,False,False
Box1-2,DM1_019,DM1,2,2,DM1_019_Map2_10%_10Vis_20sec+10sec_15accm.txt,0.9960017426314809,7578494.364949999,2.0556901776805456,54.21271801288477,-0.3467058599290195,-1.0603151689624783,-0.3667532306737789,-0.34035334195457917,Good,True,False,False
Box1-2,DM1_019,DM1,2,3,DM1_019_Map2_10%_10Vis_20sec+10sec_15accm.txt,0.9936364769965229,7731808.42347,2.1196403182759207,58.87155125744979,-0.32481101466925444,-0.9751651155144482,-0.29950312923527433,-0.9756251029952977,Good,True,False,False
Box1-2,DM1_019,DM1,3,1,DM1_019_Map3_10%_10Vis_20sec+10sec_15accm.txt,0.9874328397634478,8221964.425465,2.126630189750468,58.175140142546724,-0.25481162961334586,-0.9658580534171431,-0.30955580029294083,-2.6418208535556515,Suspect,True,False,False
Box1-2,DM1_019,DM1,3,2,DM1_019_Map3_10%_10Vis_20sec+10sec_15accm.txt,0.9978654725573476,8477487.234784998,2.2040680976388387,62.658686375257346,-0.21832030961041238,-0.8627489447551476,-0.24483596098429727,0.16021411000971503,Good,True,False,False
Box1-2,DM1_019,DM1,3,3,DM1_019_Map3_10%_10Vis_20sec+10sec_15accm.txt,0.9993338406975618,8572301.059935,2.2643574629162995,64.30116657191967,-0.20477990731341822,-0.7824732389016587,-0.22112681450107965,0.5545938365415928,Good,True,False,False
Box1-2,DM1_021,DM1,1,1,DM1_021_Map1_10%_10Vis_20sec+10sec_15accm.txt,0.549019297043211,4932320.709414999,1.3796212981997538,17.925526794592958,-0.7246070340137657,-1.960505546753494,-0.8905576173612408,-120.3925458595159,Failed,False,True,True
Box1-2,DM1_021,DM1,1,2,DM1_021_Map1_10%_10Vis_20sec+10sec_15accm.txt,0.9461488656695097,6440429.731425,1.9581037342178462,34.64207998027588,-0.509233349496393,-1.190252191763222,-0.6492547334791421,-13.730022761110671,Failed,False,True,True
Box1-2,DM1_021,DM1,1,3,DM1_021_Map1_10%_10Vis_20sec+10sec_15accm.txt,0.9358415102468355,6707719.472494999,2.0257656493181027,38.74931695257587,-0.47106158901503553,-1.1001598849513183,-0.589966905707805,-16.498410266622795,Failed,False,True,True
Box1-2,DM1_021,DM1,2,1,DM1_021_Map2_10%_10Vis_20sec+10sec_15accm.txt,0.9995696475625672,3528051.7726,3.2111936226093505,25.627930808511042,-0.9251512722360433,0.47824564074098597,-0.7793736740723028,0.6179277133727679,Good,True,False,True
Box1-2,DM1_021,DM1,2,2,DM1_021_Map2_10%_10Vis_20sec+10sec_15accm.txt,0.9987282278689874,3311131.9367949995,3.2934858234709683,23.79404698063051,-0.9561296853350908,0.5878182739906703,-0.805845725544691,0.3919361111550105,Good,True,False,True
Box1-2,DM1_021,DM1,2,3,DM1_021_Map2_10%_10Vis_20sec+10sec_15accm.txt,0.9940792784992941,3719147.946675,2.55473769328171,24.430722351366676,-0.8978607471433335,-0.39582995859502856,-0.7966553379481068,-0.8566958435077314,Good,True,False,True
Box1-2,DM1_021,DM1,3,1,DM1_021_Map3_10%_10Vis_20sec+10sec_15accm.txt,0.9887460049010979,3399347.805625,3.31223202499416,27.449057967269926,-0.9435315399586405,0.6127789706644592,-0.7530857646903079,-2.28912612142799,Good,True,False,True
Box1-2,DM1_021,DM1,3,2,DM1_021_Map3_10%_10Vis_20sec+10sec_15accm.txt,0.9986855190469286,3225727.065685,3.204920896604632,23.429214898758428,-0.9683263909434006,0.46989346278494143,-0.8111120643952049,0.3804652183300029,Good,True,False,True
Box1-2,DM1_021,DM1,3,3,DM1_021_Map3_10%_10Vis_20sec+10sec_15accm.txt,0.9988295747958169,3163974.0780904996,3.339800940731678,23.32707687854929,-0.9771453611067492,0.6494871721898784,-0.8125864232870595,0.4191562422605756,Good,True,False,True
Box1-2,DM1_023,DM1,1,1,DM1_023_Map1_10%_10Vis_20sec+10sec_15accm.txt,0.7578556855245815,7873068.42828,1.733762982689746,51.15056392437495,-0.3046376138959318,-1.4889634503366003,-0.4109553221121996,-64.30249900847764,Failed,False,False,True
Box1-2,DM1_023,DM1,1,2,DM1_023_Map1_10%_10Vis_20sec+10sec_15accm.txt,0.9887062472383975,6053397.223624999,1.6026148486967446,33.74400412420135,-0.5645056249196829,-1.6635880956484999,-0.6622184283035794,-2.2998043809964863,Good,True,False,True
Box1-2,DM1_023,DM1,1,3,DM1_023_Map1_10%_10Vis_20sec+10sec_15accm.txt,0.9928400234208362,6100602.764965,1.4411680074813857,25.665580098626226,-0.5577641816820562,-1.8785556786829873,-0.778830207833779,-1.1895395395539858,Good,True,False,True
Box1-2,DM1_023,DM1,2,1,DM1_023_Map2_10%_10Vis_20sec+10sec_15accm.txt,0.8081549126683149,5399283.831395,1.1246320485695884,17.91422992682303,-0.6579198339196194,-2.3000254920192895,-0.8907206872681432,-50.792947212552505,Failed,False,True,True
Box1-2,DM1_023,DM1,2,2,DM1_023_Map2_10%_10Vis_20sec+10sec_15accm.txt,0.8832082556269875,5481705.083415,1.2096685458729428,19.210185922315894,-0.646149220209993,-2.1867988091222457,-0.8720136059922882,-30.634843763763335,Failed,False,True,True
Box1-2,DM1_023,DM1,2,3,DM1_023_Map2_10%_10Vis_20sec+10sec_15accm.txt,0.9930222041253681,5928087.939889999,1.390751722072476,23.551063685716997,-0.5824010964992308,-1.9456853105688987,-0.8093531812472232,-1.1406087745333033,Good,True,True,True
Box1-2,DM1_023,DM1,3,1,DM1_023_Map3_10%_10Vis_20sec+10sec_15accm.txt,0.9369988335874117,6843832.210209999,1.5719280298133287,34.24839445264241,-0.4516232716231302,-1.7044478067256927,-0.6549375708503034,-16.187572098682974,Failed,False,True,True
Box1-2,DM1_023,DM1,3,2,DM1_023_Map3_10%_10Vis_20sec+10sec_15accm.txt,0.9356120861349813,6755256.689369999,1.5838921935646852,33.78878864755331,-0.4642727790545828,-1.68851744014003,-0.6615719652128886,-16.560029840090035,Failed,False,True,True
Box1-2,DM1_023,DM1,3,3,DM1_023_Map3_10%_10Vis_20sec+10sec_15accm.txt,0.7596649997481246,7296139.617585,1.759031551954164,43.422595601045465,-0.3870290603034342,-1.4553181760121208,-0.5225082853490243,-63.81654672638368,Failed,False,True,True
Box1-2,DM1_024,DM1,1,1,DM1_024_Map1_10%_10Vis_20sec+10sec_15accm.txt,0.9924397653666021,4669506.273735,2.8390621468926525,34.827018405109946,-0.7621396742477686,-0.017249986820820965,-0.6465851535270206,-1.2970423228464778,Good,True,False,True
Box1-2,DM1_024,DM1,1,2,DM1_024_Map1_10%_10Vis_20sec+10sec_15accm.txt,0.9990181345634354,4219120.792245,3.0625210652733683,32.30341628122394,-0.82645941452248,0.28028710483231356,-0.683013265441038,0.4698003195540449,Good,True,False,True
Box1-2,DM1_024,DM1,1,3,DM1_024_Map1_10%_10Vis_20sec+10sec_15accm.txt,0.9998738251975127,4252807.86072,3.0555828039514927,31.297031338106862,-0.8216485500875069,0.27104876200939204,-0.6975403982998416,0.6996248635638763,Good,True,False,True
Box1-2,DM1_024,DM1,2,1,DM1_024_Map2_10%_10Vis_20sec+10sec_15accm.txt,0.9777284595946394,3194766.0449200002,2.6090296052631534,23.381589908087562,-0.9727479473569346,-0.32353990318661274,-0.8117995295362592,-5.2482590432167635,Failed,False,True,True
Box1-2,DM1_024,DM1,2,2,DM1_024_Map2_10%_10Vis_20sec+10sec_15accm.txt,0.9774625749699878,3095983.446545,2.8739528921241524,23.445961999196268,-0.9868551318294922,0.029207281195235316,-0.8108703205627636,-5.319671315580444,Failed,False,True,True
Box1-2,DM1_024,DM1,2,3,DM1_024_Map2_10%_10Vis_20sec+10sec_15accm.txt,0.9790842108457637,3223493.0318949996,2.8333932923585126,22.518581314357274,-0.9686454342497309,-0.024798105747177633,-0.82425702960634,-4.884126375787976,Failed,False,True,True
Box1-2,DM1_024,DM1,3,1,DM1_024_Map3_10%_10Vis_20sec+10sec_15accm.txt,0.9911413141758402,4613828.428804999,3.1138380386749454,36.55955625069224,-0.7700910507288793,0.3486160089950581,-0.6215760279058403,-1.6457851288930274,Good,True,False,True
Box1-2,DM1_024,DM1,3,2,DM1_024_Map3_10%_10Vis_20sec+10sec_15accm.txt,0.99501643739431,4596535.117799999,3.029035119546734,35.69391662475115,-0.7725607157559392,0.23570033704986806,-0.6340715068375321,-0.6049902537369259,Good,True,False,True
Box1-2,DM1_024,DM1,3,3,DM1_024_Map3_10%_10Vis_20sec+10sec_15accm.txt,0.9903127780031769,4663338.588144999,2.5253507853403114,31.394601419470973,-0.7630204840241684,-0.434958829283757,-0.6961319774518204,-1.868316427582916,Good,True,False,True
Box1-2,DM1_026,DM1,1,1,DM1_026_Map1_10%_10Vis_20sec+10sec_15accm.txt,0.9926240811312477,8365234.300175,1.8600313159507107,49.51975080685751,-0.23435119847322208,-1.3208362933692175,-0.43449605469974933,-1.2475381155120373,Good,True,True,True
Box1-2,DM1_026,DM1,1,2,DM1_026_Map1_10%_10Vis_20sec+10sec_15accm.txt,0.9752577156644,8619450.987765,1.9632406121813306,55.213601038332484,-0.1980464062645744,-1.1834124033112428,-0.35230551781177444,-5.911860553527347,Failed,False,True,True
Box1-2,DM1_026,DM1,1,3,DM1_026_Map1_10%_10Vis_20sec+10sec_15accm.txt,0.9483338847602039,9027392.24031,1.9806485113646286,57.69084925959658,-0.13978814419930957,-1.1602336654370848,-0.3165465229255086,-13.143162281197805,Failed,False,True,True
Box1-2,DM1_026,DM1,2,1,DM1_026_Map2_10%_10Vis_20sec+10sec_15accm.txt,0.9999162216404027,7809521.30881,1.6804384574194422,40.15849433520265,-0.3137128047879525,-1.5599654236643272,-0.5696254775107231,0.711011856440517,Good,True,True,True
Box1-2,DM1_026,DM1,2,2,DM1_026_Map2_10%_10Vis_20sec+10sec_15accm.txt,0.9728553573244838,6189535.335235,1.7472066383811562,32.77078725893048,-0.5450636838711472,-1.471063130024509,-0.6762667810724796,-6.557094809964906,Failed,False,True,True
Box1-2,DM1_026,DM1,2,3,DM1_026_Map2_10%_10Vis_20sec+10sec_15accm.txt,0.9521076654420778,4385509.948585,2.514623416952678,32.944240941360555,-0.8026973090369488,-0.449242394308941,-0.6737629829912942,-12.129586358002143,Failed,False,True,True
Box1-2,DM1_026,DM1,3,1,DM1_026_Map3_10%_10Vis_20sec+10sec_15accm.txt,0.9854440900584902,9254296.849410001,1.948224314462787,57.629043760655556,-0.10738380142128642,-1.2034067073334294,-0.3174386832272516,-3.175966578528329,Suspect,True,True,True
Box1-2,DM1_026,DM1,3,2,DM1_026_Map3_10%_10Vis_20sec+10sec_15accm.txt,0.9545241744863733,6395369.282810001,2.6506149949076834,52.99957962208253,-0.5156684511386361,-0.26816866994267874,-0.3842648426069964,-11.480551453232271,Failed,False,True,True
Box1-2,DM1_026,DM1,3,3,DM1_026_Map3_10%_10Vis_20sec+10sec_15accm.txt,0.9538424847264808,5038193.522645,2.5815640683839685,37.54622369099079,-0.7094872929719845,-0.36011045504886424,-0.6073335165380949,-11.663642201201476,Failed,False,True,True
Box1-2,DM1_028,DM1,1,1,DM1_028_Map1_10%_10Vis_20sec+10sec_15accm.txt,0.9992577484763664,3921896.2435149997,3.1513310923942974,30.150679654612233,-0.8689061774916952,0.39853826871818343,-0.7140879463558168,0.5341567073473596,Good,True,False,True
Box1-2,DM1_028,DM1,1,2,DM1_028_Map1_10%_10Vis_20sec+10sec_15accm.txt,0.9987875246831563,3899066.4699449996,3.0661614035087674,28.86035112728766,-0.8721665070691385,0.28513424031047324,-0.7327137953176368,0.40786226803331666,Good,True,False,True
Box1-2,DM1_028,DM1,1,3,DM1_028_Map1_10%_10Vis_20sec+10sec_15accm.txt,0.9755301484161444,6793239.865584999,1.8378371907899846,34.85923530192986,-0.45884838566411407,-1.3503879241564807,-0.6461201037032904,-5.838689561057026,Failed,False,False,True
Box1-2,DM1_028,DM1,2,1,DM1_028_Map2_10%_10Vis_20sec+10sec_15accm.txt,0.9951392001142813,4001493.55924,3.3794403183292587,31.956266265633527,-0.8575388513135535,0.7022672769661411,-0.6880243642585517,-0.5720181899849116,Good,True,False,True
Box1-2,DM1_028,DM1,2,2,DM1_028_Map2_10%_10Vis_20sec+10sec_15accm.txt,0.9998313223151448,3726389.72227,3.1936210002930876,27.743655325610913,-0.8968265461210067,0.4548475728787232,-0.7488332617154355,0.6882092827800261,Good,True,False,True
Box1-2,DM1_028,DM1,2,3,DM1_028_Map2_10%_10Vis_20sec+10sec_15accm.txt,0.9980762349688354,3562353.5472999997,3.170170283361546,27.177741459878572,-0.9202526213462174,0.4236227814783457,-0.757002209363509,0.21682145521785648,Good,True,False,True
Box1-2,DM1_028,DM1,3,1,DM1_028_Map3_10%_10Vis_20sec+10sec_15accm.txt,0.970012686308288,2941111.1900784997,2.8846518990316325,22.8474871582084,-1.0089725039941742,0.0434530827139057,-0.8195092847952312,-7.320589867698758,Failed,False,True,True
Box1-2,DM1_028,DM1,3,2,DM1_028_Map3_10%_10Vis_20sec+10sec_15accm.txt,0.8569635757100852,2950668.8988054995,1.9401558971007098,15.51137633630911,-1.0076075635859973,-1.2141498607217676,-0.9254057981577525,-37.68373661636536,Failed,False,True,True
Box1-2,DM1_028,DM1,3,3,DM1_028_Map3_10%_10Vis_20sec+10sec_15accm.txt,0.4561007031136009,1580571.0114850001,7.418590467110147,21.932969314359674,-1.2032718198400967,6.080423569529242,-0.8327103191610558,-145.34896425357059,Failed,False,True,True
Box1-2,DM1_029,DM1,1,1,DM1_029_Map1_10%_10Vis_20sec+10sec_15accm.txt,0.995202917926684,2813457.625283,2.3314581831221006,20.257332602640403,-1.0272027633391791,-0.6931281669638731,-0.8568980788257021,-0.5549046251080888,Good,True,True,True
Box1-2,DM1_029,DM1,1,2,DM1_029_Map1_10%_10Vis_20sec+10sec_15accm.txt,0.799741236786608,3392097.2108869995,1.201069087241552,14.730147708877237,-0.944567000446493,-2.198249047624771,-0.9366828071605425,-53.05272328810212,Failed,False,True,True
Box1-2,DM1_029,DM1,1,3,DM1_029_Map1_10%_10Vis_20sec+10sec_15accm.txt,0.7678868863126956,5121483.89174,1.1917346588294757,17.972111128753365,-0.697592560286881,-2.210677903461447,-0.8898851740619689,-61.60828213243889,Failed,False,True,True
Box1-2,DM1_029,DM1,2,1,DM1_029_Map2_10%_10Vis_20sec+10sec_15accm.txt,0.9959690506296475,3107872.2480864995,2.362797328859723,22.230618625642435,-0.9851572870748234,-0.6513998781793581,-0.8284137613479556,-0.34913388028808184,Good,True,False,True
Box1-2,DM1_029,DM1,2,2,DM1_029_Map2_10%_10Vis_20sec+10sec_15accm.txt,0.997597044859739,2914864.1625579996,2.4094471134546076,21.08658852342853,-1.012720853047338,-0.5892853681155477,-0.8449277974561038,0.08811880973916057,Good,True,False,True
Box1-2,DM1_029,DM1,2,3,DM1_029_Map2_10%_10Vis_20sec+10sec_15accm.txt,0.9470065136721788,3462103.8284255,1.595494396128808,17.126681389769356,-0.9345693259151319,-1.673069027372641,-0.902088923954097,-13.499672499830899,Failed,False,False,True
Box1-2,DM1_029,DM1,3,1,DM1_029_Map3_10%_10Vis_20sec+10sec_15accm.txt,0.9887966200743747,2445456.814338,1.9411105054732043,15.5037778960123,-1.0797571141201134,-1.2128787930871527,-0.9255154813882762,-2.2755317116552587,Good,True,False,True
Box1-2,DM1_029,DM1,3,2,DM1_029_Map3_10%_10Vis_20sec+10sec_15accm.txt,0.9779242187458508,2413483.056734,1.7654735644439055,14.385576092090286,-1.0843232999081018,-1.4467405919332197,-0.9416566868779127,-5.195681328945737,Failed,False,False,True
Box1-2,DM1_029,DM1,3,3,DM1_029_Map3_10%_10Vis_20sec+10sec_15accm.txt,0.9906988463543995,2211050.337564,2.0683496554896252,15.468391897394087,-1.1132328017797937,-1.0434589869114066,-0.9260262770900441,-1.7646247670191018,Good,True,False,True
Box1-2,DM1_031,DM1,1,1,DM1_031_Map1_10%_10Vis_20sec+10sec_15accm.txt,0.9040890909033212,3718467.6549199997,2.828305647840527,33.641656595447635,-0.8979578998953447,-0.03157233952677297,-0.6636958114442396,-25.026592072306546,Failed,False,True,True
Box1-2,DM1_031,DM1,1,2,DM1_031_Map1_10%_10Vis_20sec+10sec_15accm.txt,0.9395052547649573,5247481.699735,1.5131654243183177,25.845077960369917,-0.679598760267816,-1.7826906213944624,-0.776239162227169,-15.51438826180816,Failed,False,True,True
Box1-2,DM1_031,DM1,1,3,DM1_031_Map1_10%_10Vis_20sec+10sec_15accm.txt,0.8644570117758715,7202502.483955,1.7515040449465287,45.15775501571895,-0.400401418788937,-1.465341103531328,-0.49746131746604677,-35.671121941970576,Failed,False,True,True
Box1-2,DM1_031,DM1,2,1,DM1_031_Map2_10%_10Vis_20sec+10sec_15accm.txt,0.9734111529705949,4633119.272955,2.1343945593719473,34.89624506950205,-0.7673361171521949,-0.9555197416932897,-0.6455858689511991,-6.407817167037488,Failed,False,True,True
Box1-2,DM1_031,DM1,2,2,DM1_031_Map2_10%_10Vis_20sec+10sec_15accm.txt,0.9972535511200968,4067781.3538949993,2.097635866353563,28.100556468163,-0.8480722634442294,-1.0044641950761102,-0.7436814057076795,-0.004138004744515565,Good,True,True,True
Box1-2,DM1_031,DM1,2,3,DM1_031_Map2_10%_10Vis_20sec+10sec_15accm.txt,0.7689519721693514,6254028.839015,1.3149706621961434,23.433946895177247,-0.5358533394372808,-2.0465883146708905,-0.811043758185803,-61.32221744785673,Failed,False,True,True
Box1-2,DM1_031,DM1,3,1,DM1_031_Map3_10%_10Vis_20sec+10sec_15accm.txt,0.9460042250720836,2389980.2092265002,2.4763964748769336,18.815193678417668,-1.0876797514579994,-0.5001418314423097,-0.8777153057688506,-13.768870865816897,Failed,False,True,True
Box1-2,DM1_031,DM1,3,2,DM1_031_Map3_10%_10Vis_20sec+10sec_15accm.txt,0.9443722305296447,2186405.1840999997,2.403439153439147,16.425320370277657,-1.116752386524379,-0.5972850083300543,-0.9122130467182793,-14.2071979744769,Failed,False,True,True
Box1-2,DM1_031,DM1,3,3,DM1_031_Map3_10%_10Vis_20sec+10sec_15accm.txt,0.8879786582135957,2929188.7878545,1.4720921848209865,15.970310495061474,-1.0106751472764606,-1.8373799231836507,-0.9187810989874835,-29.35359145650541,Failed,False,True,True
Box1-2,DM1_033,DM1,1,1,DM1_033_Map1_10%_10Vis_20sec+10sec_15acc.txt,0.9933527254084993,7618308.079595,1.534915156170505,36.79332871294335,-0.34102004657449925,-1.7537307033637581,-0.6182015302634839,-1.0518361502272393,Good,True,True,True
Box1-2,DM1_033,DM1,1,2,DM1_033_Map1_10%_10Vis_20sec+10sec_15acc.txt,0.7017927221961929,9298367.192265,1.9170597014925363,62.18477119767101,-0.10109009719957529,-1.2449026045339422,-0.2516769106583618,-79.3600963101944,Failed,False,True,True
Box1-2,DM1_033,DM1,1,3,DM1_033_Map1_10%_10Vis_20sec+10sec_15acc.txt,0.7034199571169537,9171912.39439,1.9005531788979544,59.6552896714076,-0.1191491601358474,-1.2668811532608768,-0.28818989154826274,-78.92304755826551,Failed,False,True,True
Box1-2,DM1_033,DM1,2,1,DM1_033_Map2_10%_10Vis_20sec+10sec_15acc.txt,0.9834048760388946,7646973.819034999,1.4871889391861666,31.94636524678169,-0.336926280253561,-1.81727849058133,-0.6881672851331951,-3.7236661951045633,Failed,False,True,True
Box1-2,DM1_033,DM1,2,2,DM1_033_Map2_10%_10Vis_20sec+10sec_15acc.txt,0.9731811847037598,7627134.552955001,1.4454768176008048,32.53146501250579,-0.33975953419701593,-1.8728184682789109,-0.6797213896630161,-6.469582891654883,Failed,False,True,True
Box1-2,DM1_033,DM1,2,3,DM1_033_Map2_10%_10Vis_20sec+10sec_15acc.txt,0.9930021251793776,6630551.048149999,1.692223792171735,35.08803950577477,-0.4820820441923619,-1.5442731691248082,-0.64281732270419,-1.146001651845149,Good,True,True,True
Box1-2,DM1_033,DM1,3,1,DM1_033_Map3_10%_10Vis_20sec+10sec_15acc.txt,0.9876582884735776,7439908.24929,1.5024105649242017,34.429118997418044,-0.36649740146682147,-1.7970107908844613,-0.6523288181153202,-2.581269008134239,Suspect,True,True,True
Box1-2,DM1_033,DM1,3,2,DM1_033_Map3_10%_10Vis_20sec+10sec_15acc.txt,0.9815499851525793,6828296.847345,1.4240813008130073,28.962112924746524,-0.45384188333602205,-1.9013067465073552,-0.7312448671885485,-4.221859625251293,Failed,False,True,True
Box1-2,DM1_033,DM1,3,3,DM1_033_Map3_10%_10Vis_20sec+10sec_15acc.txt,0.9201676035341892,7765422.408399999,1.5975400919212364,40.393043976622685,-0.3200105873261195,-1.6703451693100633,-0.5662397613131614,-20.70816589515185,Failed,False,True,True
Box1-2,DM1_035,DM1,1,1,DM1_035_Map1_10%_10Vis_20sec+10sec_15accm.txt,0.9915065851944729,5006036.0022100005,2.5002506265664133,35.44549716417251,-0.7140797220072527,-0.4683798638781053,-0.6376574334088901,-1.547679292561431,Good,True,False,True
Box1-2,DM1_035,DM1,1,2,DM1_035_Map1_10%_10Vis_20sec+10sec_15accm.txt,0.9921163582957385,4997499.180645,2.185809034471942,29.944442977471663,-0.7152988690899158,-0.8870610133463565,-0.7170649658647729,-1.3839041858034256,Good,True,False,True
Box1-2,DM1_035,DM1,1,3,DM1_035_Map1_10%_10Vis_20sec+10sec_15accm.txt,0.7792621125617026,6494570.020615,1.5172682303775193,25.807620681555026,-0.5015015519979964,-1.777227706817959,-0.7767798567890212,-58.55308194492521,Failed,False,False,True
Box1-2,DM1_035,DM1,2,1,DM1_035_Map2_10%_10Vis_20sec+10sec_15accm.txt,0.9974156375328026,5122594.36798,2.7918957080174067,37.66563489170262,-0.6974339727074107,-0.08005242562376047,-0.6056098198657291,0.039395761323240616,Good,True,False,True
Box1-2,DM1_035,DM1,2,2,DM1_035_Map2_10%_10Vis_20sec+10sec_15accm.txt,0.9999880085994888,4482010.705525,2.7805185001724193,32.50083529736491,-0.7889159953006363,-0.09520125637019494,-0.6801635285725081,0.7302926624710683,Good,True,False,True
Box1-2,DM1_035,DM1,2,3,DM1_035_Map2_10%_10Vis_20sec+10sec_15accm.txt,0.9990678933130276,4386598.79308,2.7194172600521176,32.16615192473347,-0.8025418106960913,-0.17655797917872748,-0.6849946718175475,0.4831647078973454,Good,True,False,True
Box1-2,DM1_035,DM1,3,1,DM1_035_Map3_10%_10Vis_20sec+10sec_15accm.txt,0.9605648102584124,2961981.13033,2.9045470081508933,22.447120854696,-1.005992059038257,0.06994355777913111,-0.8252885589418597,-9.858135235792465,Failed,False,True,True
Box1-2,DM1_035,DM1,3,2,DM1_035_Map3_10%_10Vis_20sec+10sec_15accm.txt,0.9606422894033482,2925663.4183449997,2.740745919116357,21.0037586997912,-1.011178606780691,-0.14815872247050807,-0.8461234431788268,-9.83732560150878,Failed,False,True,True
Box1-2,DM1_035,DM1,3,3,DM1_035_Map3_10%_10Vis_20sec+10sec_15accm.txt,0.9609635290627706,2910952.7641479997,2.736636324987045,20.64009972831536,-1.0132794415014104,-0.15363067540919959,-0.8513728482201647,-9.751045869904328,Failed,False,True,True
Box1-2,DM1_038,DM1,1,1,DM1_038_Map1_10%_10Vis_20sec+10sec_15accm.txt,0.6236450504280255,3896900.122835,2.5234151341289537,29.673389968421287,-0.8724758840121941,-0.43753616222734987,-0.7209776069482705,-100.34928599428571,Failed,False,True,True
Box1-2,DM1_038,DM1,1,2,DM1_038_Map1_10%_10Vis_20sec+10sec_15accm.txt,0.963789749875675,5778154.06089,1.4731021764556622,22.829705079118597,-0.6038132168983072,-1.8360351123533065,-0.8197659685097581,-8.991969068395052,Failed,False,True,True
Box1-2,DM1_038,DM1,1,3,DM1_038_Map1_10%_10Vis_20sec+10sec_15accm.txt,0.9322826100135903,6003222.384284999,1.4852818912438392,25.3846785448826,-0.571671114855099,-1.819817738074851,-0.7828850123292027,-17.454272807018636,Failed,False,True,True
Box1-2,DM1_038,DM1,2,1,DM1_038_Map2_10%_10Vis_20sec+10sec_15accm.txt,0.9823429428389698,5200551.38942,1.2466613507794884,18.85836721574351,-0.686300897646859,-2.1375426341450057,-0.8770920972073488,-4.0088841275233005,Failed,False,True,True
Box1-2,DM1_038,DM1,2,2,DM1_038_Map2_10%_10Vis_20sec+10sec_15accm.txt,0.993826810282242,5372341.663,1.3295386458957454,20.80675545021779,-0.6617674563338034,-2.0271909438582165,-0.8489671784709157,-0.9245046876743551,Good,True,True,True
Box1-2,DM1_038,DM1,2,3,DM1_038_Map2_10%_10Vis_20sec+10sec_15accm.txt,0.8960354734968159,4882236.99101,1.119741201280267,16.519873841039395,-0.7317595109300822,-2.3065376889310505,-0.9108481705430035,-27.189662315649308,Failed,False,True,True
Box1-2,DM1_038,DM1,3,1,DM1_038_Map3_10%_10Vis_20sec+10sec_15accm.txt,0.8758977629016214,6126948.3896699995,1.6753272098864906,31.40890833358838,-0.5540017519234535,-1.5667710850212064,-0.6959254576269717,-32.59832284157998,Failed,False,True,True
Box1-2,DM1_038,DM1,3,2,DM1_038_Map3_10%_10Vis_20sec+10sec_15accm.txt,0.9948125743655872,5458343.274894999,1.4420291226012314,21.101492855590063,-0.6494855299226926,-1.8774090979593625,-0.8447126539218496,-0.6597445372954875,Good,True,True,True
Box1-2,DM1_038,DM1,3,3,DM1_038_Map3_10%_10Vis_20sec+10sec_15accm.txt,0.7529716332746118,3478045.01154,2.4538291686289293,26.678131109734288,-0.9322927588415129,-0.530190355422171,-0.7642140679905862,-65.61427576115864,Failed,False,True,True
Box1-2,DM1_043,DM1,1,1,DM1_043_Map1_10%_10Vis_20sec+10sec_15accm.txt,0.9984388885458533,11683653.51836,2.7738751540114923,111.47289338943303,0.23955364750483135,-0.10404691762144808,0.4597954780510311,0.3142242894343969,Good,True,False,False
Box1-2,DM1_043,DM1,1,2,DM1_043_Map1_10%_10Vis_20sec+10sec_15accm.txt,0.9995077973268935,10751624.81587,2.5929563251041867,94.13482877771041,0.10645023601294905,-0.34494158662122515,0.2095210976048262,0.6013157491365129,Good,True,False,False
Box1-2,DM1_043,DM1,1,3,DM1_043_Map1_10%_10Vis_20sec+10sec_15accm.txt,0.9998047246466825,10115908.97072,2.6229517208293553,89.60073409312436,0.015663388458951124,-0.3050025102499429,0.14407159309081224,0.6810655829630035,Good,True,False,False
Box1-2,DM1_043,DM1,2,1,DM1_043_Map2_10%_10Vis_20sec+10sec_15accm.txt,0.9976264913675443,10536979.28912,2.861550064831411,98.69804873772348,0.07579661794778689,0.01269283107751376,0.27539102449158265,0.0960276613258582,Good,True,False,False
Box1-2,DM1_043,DM1,2,2,DM1_043_Map2_10%_10Vis_20sec+10sec_15accm.txt,0.9971603259231193,8883267.516874999,2.8110105235242338,79.54486834783106,-0.1603706566458386,-0.05460091688738612,-0.0010844912596802063,-0.029176771715113816,Good,True,False,False
Box1-2,DM1_043,DM1,2,3,DM1_043_Map2_10%_10Vis_20sec+10sec_15accm.txt,0.9955868207226165,8186148.572455,2.7645445097824033,71.44498807445957,-0.25992650666422074,-0.11647073479236675,-0.11800599100630468,-0.4517945973649201,Good,True,False,False
Box1-2,DM1_043,DM1,3,1,DM1_043_Map3_10%_10Vis_20sec+10sec_15accm.txt,0.9974653226087945,10574344.19844,2.6384955922918145,100.55498834162259,0.08113271638262051,-0.2843057381475618,0.3021958853165704,0.05274036213945194,Good,True,False,False
Box1-2,DM1_043,DM1,3,2,DM1_043_Map3_10%_10Vis_20sec+10sec_15accm.txt,0.9979706237328789,9503549.346435,2.496318649410983,84.88559245660053,-0.07178794735771112,-0.4736153185905466,0.0760086819052564,0.1884560002515614,Good,True,False,False
Box1-2,DM1_043,DM1,3,3,DM1_043_Map3_10%_10Vis_20sec+10sec_15accm.txt,0.9986344366132455,9080240.168370001,2.542819723156844,80.42171889400548,-0.13224090933811802,-0.411698818048291,0.011572816929109424,0.366745310035347,Good,True,False,False
Box1-2,DM1_045,DM1,1,1,DM1_045_Map1_10%_10Vis_20sec+10sec_15accm.txt,0.9966100430990789,10377604.668135,2.4670005373843376,87.400032844013,0.05303626121021446,-0.5126525870441005,0.11230454446093563,-0.17697376057419106,Good,True,False,False
Box1-2,DM1_045,DM1,1,2,DM1_045_Map1_10%_10Vis_20sec+10sec_15accm.txt,0.997205849798274,9781543.8977,2.48485169338576,76.58191419242874,-0.03208742842447189,-0.4888836496582122,-0.04385463499489531,-0.016949801555200185,Good,True,False,False
Box1-2,DM1_045,DM1,1,3,DM1_045_Map1_10%_10Vis_20sec+10sec_15accm.txt,0.9953925506052302,9712760.851939999,2.43782774949743,75.42170163284857,-0.04191036415488384,-0.5514963554028817,-0.06060226433170766,-0.5039723814435999,Good,True,False,False
Box1-2,DM1_045,DM1,2,1,DM1_045_Map2_10%_10Vis_20sec+10sec_15accm.txt,0.9979016713709066,10160755.7413,2.5450410116690523,85.46083038431392,0.022067974651033266,-0.40874115706776587,0.08431222207491802,0.16993652076025625,Good,True,False,False
Box1-2,DM1_045,DM1,2,2,DM1_045_Map2_10%_10Vis_20sec+10sec_15accm.txt,0.9998179443371309,10006229.380555,2.475708050137026,79.61999780973467,0.0,-0.5010584737335122,0.0,0.6846161761426723,Good,True,False,False
Box1-2,DM1_045,DM1,2,3,DM1_045_Map2_10%_10Vis_20sec+10sec_15accm.txt,0.999394855352752,10181202.868765,2.5143969862277387,80.17517288010333,0.02498803753485858,-0.44954388838153186,0.00801393349761489,0.5709813774922005,Good,True,False,False
Box1-2,DM1_045,DM1,3,1,DM1_045_Map3_10%_10Vis_20sec+10sec_15accm.txt,0.9969823320433817,11084242.480190001,2.4931602233361145,92.6165285166467,0.15395150472406896,-0.477820784701846,0.1876044843219277,-0.0769830239026767,Good,True,False,False
Box1-2,DM1_045,DM1,3,2,DM1_045_Map3_10%_10Vis_20sec+10sec_15accm.txt,0.9995275670992996,10125797.12508,2.4161288231644633,78.26325820099612,0.01707551994713183,-0.5803886255341939,-0.01958449069190143,0.6066255874676213,Good,True,False,False
Box1-2,DM1_045,DM1,3,3,DM1_045_Map3_10%_10Vis_20sec+10sec_15accm.txt,0.9994695201838077,9499082.016975,2.4100653066056337,74.40153435585016,-0.07242592855914348,-0.588462239669527,-0.07532834471726811,0.5910351329823135,Good,True,False,False
Box1-2,DM1_047,DM1,1,1,DM1_047_Map1_10%_10Vis_20sec+10sec_15accm.txt,0.9987404878825664,17115516.77889,3.3455987921503874,145.30148544765137,1.0152803271686683,0.657207051358096,0.9481100684242658,0.39522895078435766,Good,True,False,False
Box1-2,DM1_047,DM1,1,2,DM1_047_Map1_10%_10Vis_20sec+10sec_15accm.txt,0.9999621575565368,15667975.72813,3.350232737064819,128.7418299227315,0.808556380131461,0.6633771809851077,0.7090719970065517,0.7233494940852009,Good,True,False,False
Box1-2,DM1_047,DM1,1,3,DM1_047_Map1_10%_10Vis_20sec+10sec_15accm.txt,0.9995865684180913,15182964.850585,3.128450436764146,119.45980067703971,0.7392917724649353,0.368072517873935,0.5750862165418504,0.6224723791085275,Good,True,False,False
Box1-2,DM1_047,DM1,2,1,DM1_047_Map2_10%_10Vis_20sec+10sec_15accm.txt,0.994829262584683,24403062.34423,3.236458204574483,208.32006100433983,2.0560177782341302,0.5118856059489554,1.857781090378402,-0.6552623539090261,Good,True,False,False
Box1-2,DM1_047,DM1,2,2,DM1_047_Map2_10%_10Vis_20sec+10sec_15accm.txt,0.9987186740335616,21230904.589225,3.321460976200807,176.16391023668712,1.603000593405398,0.6250673828743315,1.3936081338727655,0.3893701068272403,Good,True,False,False
Box1-2,DM1_047,DM1,2,3,DM1_047_Map2_10%_10Vis_20sec+10sec_15accm.txt,0.998249246864906,19392364.282835,3.3525462201157072,160.06038257393604,1.3404378780168495,0.6664575996300119,1.1611542528283736,0.2632896278718579,Good,True,False,False
Box1-2,DM1_047,DM1,3,1,DM1_047_Map3_10%_10Vis_20sec+10sec_15accm.txt,0.9996566215260572,12707338.410814999,3.367165566431443,106.03580141171129,0.38574651808321664,0.6859233601204618,0.3813112379338673,0.6412875010153788,Good,True,False,False
Box1-2,DM1_047,DM1,3,2,DM1_047_Map3_10%_10Vis_20sec+10sec_15accm.txt,0.9988622296688041,11677518.50164,3.358390346994436,93.25412709170237,0.23867750318351355,0.6742390948925383,0.19680819834186225,0.4279268083917282,Good,True,False,False
Box1-2,DM1_047,DM1,3,3,DM1_047_Map3_10%_10Vis_20sec+10sec_15accm.txt,0.9981431826783377,11302750.583485,3.31040959103501,90.03270580366227,0.185156738972203,0.6103523872733615,0.1503070902265229,0.23480251776094074,Good,True,False,False
Box1-2,DM1_049,DM1,1,1,DM1_049_Map1_10%_10Vis_20sec+10sec_15accm.txt,0.9994876596580752,12722551.90004,3.3410888501742146,109.9598953070356,0.3879191628860354,0.6512020324989757,0.43795540153912965,0.595907099831157,Good,True,False,False
Box1-2,DM1_049,DM1,1,2,DM1_049_Map1_10%_10Vis_20sec+10sec_15accm.txt,0.997410057600807,12030919.15502,3.2704034396014814,99.20591480465131,0.2891467993142762,0.5570839206038554,0.2827220541131977,0.037897082623934215,Good,True,False,False
Box1-2,DM1_049,DM1,1,3,DM1_049_Map1_10%_10Vis_20sec+10sec_15accm.txt,0.9965667355217617,12312131.233095001,3.3754582262468418,101.72286111350955,0.3293068146061935,0.6969650938826327,0.31905408956079606,-0.18860546929310834,Good,True,False,False
Box1-2,DM1_049,DM1,2,1,DM1_049_Map2_10%_10Vis_20sec+10sec_15accm.txt,0.9984438748848194,17649536.558149997,3.223446715086066,155.18298461217333,1.0915439167273926,0.494560717918024,1.0907491770366722,0.3155635387302769,Good,True,False,False
Box1-2,DM1_049,DM1,2,2,DM1_049_Map2_10%_10Vis_20sec+10sec_15accm.txt,0.9994863623604116,16295698.190375,3.152677759401367,133.9353554308779,0.8982016893066797,0.4003313651298738,0.7840403633145232,0.5955586668436793,Good,True,False,False
Box1-2,DM1_049,DM1,2,3,DM1_049_Map2_10%_10Vis_20sec+10sec_15accm.txt,0.9994774652467411,16016744.638515,3.1203965172373214,130.7859788703682,0.858364215094621,0.3573486684532684,0.7385792184217743,0.593169047265192,Good,True,False,False
Box1-2,DM1_049,DM1,3,1,DM1_049_Map3_10%_10Vis_20sec+10sec_15accm.txt,0.9996093308845839,13588787.39053,3.2940688240990115,120.645339031097,0.5116266180658289,0.5885945433495168,0.5921994228714825,0.6285860062464901,Good,True,False,False
Box1-2,DM1_049,DM1,3,2,DM1_049_Map3_10%_10Vis_20sec+10sec_15accm.txt,0.9996028084398516,13301526.905650001,3.2385213692525814,110.40097676251987,0.47060282725102803,0.514632723953335,0.44432239753722974,0.6268341840028703,Good,True,False,False
Box1-2,DM1_049,DM1,3,3,DM1_049_Map3_10%_10Vis_20sec+10sec_15accm.txt,0.9992176133228988,13835700.994029999,3.231019754612193,114.24996264794785,0.5468884537601609,0.5046442722997699,0.4998823795418167,0.5233770599174274,Good,True,False,False
Box1-2,DM1_051,DM1,1,1,DM1_051_Map1_10%_10Vis_20sec+10sec_15accm.txt,0.9990612639382818,17097191.47591,2.8121906229218125,146.7570768766518,1.0126632829330737,-0.05302960639702123,0.9691214818221361,0.4813841659966238,Good,True,False,False
Box1-2,DM1_051,DM1,1,2,DM1_051_Map1_10%_10Vis_20sec+10sec_15accm.txt,0.9999999999999998,16089460.569285002,2.8404798259404274,138.62661798255465,0.8687488077894996,-0.01536233738696006,0.8517585807121874,0.7335133570126792,Good,True,False,False
Box1-2,DM1_051,DM1,1,3,DM1_051_Map1_10%_10Vis_20sec+10sec_15accm.txt,0.9995946425889074,14670896.41166,2.711577739608856,120.51503889713234,0.6661630630634441,-0.1869963547403118,0.59031854481327,0.6246409696623527,Good,True,False,False
Box1-2,DM1_051,DM1,2,1,DM1_051_Map2_10%_10Vis_20sec+10sec_15accm.txt,0.9996575654587319,14530074.730184998,2.8209935437589664,123.54386297346173,0.646052259430176,-0.041308456563667516,0.6340395186451105,0.6415410259318584,Good,True,False,False
Box1-2,DM1_051,DM1,2,2,DM1_051_Map2_10%_10Vis_20sec+10sec_15accm.txt,0.9926444504273457,13016608.86732,2.874851912127012,108.83127335268813,0.4299135622144665,0.030404332532130988,0.4216637815280174,-1.2420672548982776,Good,True,False,False
Box1-2,DM1_051,DM1,2,3,DM1_051_Map2_10%_10Vis_20sec+10sec_15accm.txt,0.9873315922304007,12582572.276425,2.8783289550434055,104.34251903414881,0.3679286138903556,0.03503403916632397,0.35686876367532766,-2.669014289112833,Suspect,True,False,False
Box1-2,DM1_051,DM1,3,1,DM1_051_Map3_10%_10Vis_20sec+10sec_15accm.txt,0.9984337639939701,18781445.646235,2.804639444105626,168.07475679781982,1.253192330258301,-0.06308405309264623,1.2768414756219943,0.31284791840390763,Good,True,False,False
Box1-2,DM1_051,DM1,3,2,DM1_051_Map3_10%_10Vis_20sec+10sec_15accm.txt,0.9995682675678439,17134352.211305,2.739324523112598,145.77109619397731,1.0179702232036978,-0.1500513210569079,0.9548888837776323,0.6175570693042444,Good,True,False,False
Box1-2,DM1_051,DM1,3,3,DM1_051_Map3_10%_10Vis_20sec+10sec_15accm.txt,0.9996591719656298,16868575.829329997,2.68627104903389,138.20564542344084,0.9800145861719917,-0.22069238785281708,0.8456818559579247,0.6419725074750323,Good,True,False,False
Box1-2,DM1_052,DM1,1,1,DM1_052_Map1_10%_10Vis_20sec+10sec_15accm.txt,0.9996045550158213,17140647.066415,4.214209619462265,155.10943694144095,1.0188691941128014,1.8137683611934812,1.0896875188794313,0.6273032858135464,Good,True,False,False
Box1-2,DM1_052,DM1,1,2,DM1_052_Map1_10%_10Vis_20sec+10sec_15accm.txt,0.9995206498830127,16262565.072765,4.211874949053185,139.01985523568882,0.8934699348280132,1.8106597314349557,0.8574349472560046,0.6047677360250119,Good,True,False,False
Box1-2,DM1_052,DM1,1,3,DM1_052_Map1_10%_10Vis_20sec+10sec_15accm.txt,0.9991209517660641,16104025.19289,4.287003350541406,137.41313059978825,0.8708287878198798,1.910693716389943,0.8342419310916867,0.4974153427522281,Good,True,False,False
Box1-2,DM1_052,DM1,2,1,DM1_052_Map2_10%_10Vis_20sec+10sec_15accm.txt,0.9948686555807014,12890367.11976,4.541577443819816,117.69459811789882,0.4118849250833978,2.249660878108866,0.5496055768773552,-0.6446820378618912,Good,True,False,False
Box1-2,DM1_052,DM1,2,2,DM1_052_Map2_10%_10Vis_20sec+10sec_15accm.txt,0.9946184200659842,13008285.25625,4.554910718431094,111.84232343509896,0.4287248638123801,2.2674142252511507,0.46512818835450653,-0.7118912146071136,Good,True,False,False
Box1-2,DM1_052,DM1,2,3,DM1_052_Map2_10%_10Vis_20sec+10sec_15accm.txt,0.9951078943197825,14043926.956395,4.378922103789385,117.78474608455906,0.5766252911321402,2.033084170563671,0.5509068597488657,-0.5804264156438186,Good,True,False,False
Box1-2,DM1_052,DM1,3,1,DM1_052_Map3_10%_10Vis_20sec+10sec_15accm.txt,0.9992959467737164,15909181.17933,3.9022916177840337,140.03411184635146,0.843003032192054,1.3984473897768057,0.8720757073714924,0.5444161468232568,Good,True,False,False
Box1-2,DM1_052,DM1,3,2,DM1_052_Map3_10%_10Vis_20sec+10sec_15accm.txt,0.999896156747511,16116330.623595,3.8403793513423827,137.33954004064444,0.8725861315608362,1.3160107798254506,0.8331796538416668,0.7056227535617362,Good,True,False,False
Box1-2,DM1_052,DM1,3,3,DM1_052_Map3_10%_10Vis_20sec+10sec_15accm.txt,0.9996184379585342,16745785.594205,3.886897809368832,141.8860978943083,0.9624788609852419,1.3779504276572576,0.8988090637827973,0.6310320177307084,Good,True,False,False
Box1-2,DM1_054,DM1,1,1,DM1_054_Map1_10%_10Vis_20sec+10sec_15accm.txt,0.998738390068464,16835021.93292,2.790947433020269,141.38201652217094,0.9752227400957024,-0.08131506032538836,0.8915326661033901,0.3946655121415724,Good,True,False,False
Box1-2,DM1_054,DM1,1,2,DM1_054_Map1_10%_10Vis_20sec+10sec_15accm.txt,0.9991941403866098,16461540.962704998,2.51171129886868,123.34974818578183,0.921885765461653,-0.4531198996309126,0.631237478203458,0.5170726121832159,Good,True,False,False
Box1-2,DM1_054,DM1,1,3,DM1_054_Map1_10%_10Vis_20sec+10sec_15accm.txt,0.9996809335183644,17523667.951015,2.596280253233574,134.48916280330135,1.0735685679375528,-0.34051575338239737,0.7920345541382272,0.6478173055071691,Good,True,False,False
Box1-2,DM1_054,DM1,2,1,DM1_054_Map2_10%_10Vis_20sec+10sec_15accm.txt,0.9950985235359724,13147046.219074998,2.76412323906878,104.2945298149038,0.448541375347446,-0.11703165965425373,0.3561760409070366,-0.5829432552940522,Good,True,False,False
Box1-2,DM1_054,DM1,2,2,DM1_054_Map2_10%_10Vis_20sec+10sec_15accm.txt,0.9948508668298539,13573266.182505,2.7056874107729394,102.96967946132244,0.5094100278115983,-0.1948393682276199,0.3370518705424664,-0.6494598061220639,Good,True,False,False
Box1-2,DM1_054,DM1,2,3,DM1_054_Map2_10%_10Vis_20sec+10sec_15accm.txt,0.9962887881897167,14192951.195635,2.671991653784564,105.11425351288717,0.5979075054940303,-0.23970550115273653,0.3680087249605469,-0.26325758806366467,Good,True,False,False
Box1-2,DM1_054,DM1,3,1,DM1_054_Map3_10%_10Vis_20sec+10sec_15accm.txt,0.9987279532584501,17368877.498104997,2.7410500297417943,142.41803897400155,1.051462878173223,-0.14775379707442543,0.9064876154052258,0.3918623552448671,Good,True,False,False
Box1-2,DM1_054,DM1,3,2,DM1_054_Map3_10%_10Vis_20sec+10sec_15accm.txt,0.9999991190249342,16418344.72075,2.632495319842972,126.93802896806406,0.9157168919575662,-0.2922951423140731,0.6830341907987908,0.7332767414828788,Good,True,False,False
Box1-2,DM1_054,DM1,3,3,DM1_054_Map3_10%_10Vis_20sec+10sec_15accm.txt,0.9997767512719113,16567186.48268,2.6173678510618825,126.3461722865853,0.9369730466579717,-0.3124374713731017,0.6744907594765951,0.6735523908756312,Good,True,False,False
Box1-2,DM1_056,DM1,1,1,DM1_056_Map1_10%_10Vis_20sec+10sec_15acc.txt,0.99901094873605,13422201.68276,3.6981754650517025,125.07611989194407,0.4878364429878092,1.1266653240463476,0.656157595809173,0.4678703235526844,Good,True,False,False
Box1-2,DM1_056,DM1,1,2,DM1_056_Map1_10%_10Vis_20sec+10sec_15acc.txt,0.9992011357012394,12289022.277704999,3.6498500671211125,109.37155753333182,0.3260066149554686,1.0623197232645931,0.4294627655324986,0.5189514395665215,Good,True,False,False
Box1-2,DM1_056,DM1,1,3,DM1_056_Map1_10%_10Vis_20sec+10sec_15acc.txt,0.9991645835100198,11710155.711185,3.679115702897516,104.0239462072151,0.2433384368225843,1.1012871192288731,0.35227017561643204,0.5091341173415861,Good,True,False,False
Box1-2,DM1_056,DM1,2,1,DM1_056_Map2_10%_10Vis_20sec+10sec_15accm.txt,0.9991449519989872,13503793.836199999,3.749862471570614,123.69185600648107,0.4994886527800816,1.1954869298579895,0.636175793107038,0.5038614137597018,Good,True,False,False
Box1-2,DM1_056,DM1,2,2,DM1_056_Map2_10%_10Vis_20sec+10sec_15accm.txt,0.9985914924932799,12346288.634909999,3.720104951867808,106.72210033036477,0.33418484754351485,1.1558645870517883,0.3912179397782454,0.35521122003140176,Good,True,False,False
Box1-2,DM1_056,DM1,2,3,DM1_056_Map2_10%_10Vis_20sec+10sec_15accm.txt,0.9979803760392643,11691375.268025002,3.7254953703703686,100.8824354491692,0.2406563938262184,1.1630419664809348,0.30692257331810885,0.19107531064108169,Good,True,False,False
Box1-2,DM1_056,DM1,3,1,DM1_056_Map3_10%_10Vis_20sec+10sec_15acc.txt,0.9941126936218809,11812375.14097,3.363977994903426,113.46849975753665,0.2579364366360977,0.6816790866371961,0.4886019889607867,-0.8477210867373395,Good,True,False,False
Box1-2,DM1_056,DM1,3,2,DM1_056_Map3_10%_10Vis_20sec+10sec_15acc.txt,0.9959936179482615,10462557.184795,3.291882010317046,91.33846398500714,0.06516836588902739,0.5856827857101801,0.1691556657259876,-0.3425354993158571,Good,True,False,False
Box1-2,DM1_056,DM1,3,3,DM1_056_Map3_10%_10Vis_20sec+10sec_15acc.txt,0.9969347399985323,10130905.644365,3.3456434075580703,88.47171669225744,0.017805069737485774,0.6572664570812647,0.12777426482247115,-0.08976547070110412,Good,True,False,False
Box1-2,DM1_057,DM1,1,1,DM1_057_Map1_10%_10Vis_20sec+10sec_15accm.txt,0.9997004632548375,15521110.357615,4.181035767511176,141.67123967399942,0.7875824747213156,1.769597148426569,0.8957075925877239,0.6530626741028035,Good,True,False,False
Box1-2,DM1_057,DM1,1,2,DM1_057_Map1_10%_10Vis_20sec+10sec_15accm.txt,0.9998701353141535,14939879.764545001,4.233103183736094,131.61814504821177,0.7045766889613038,1.8389252723865217,0.7505915092542395,0.6986338210927965,Good,True,False,False
Box1-2,DM1_057,DM1,1,3,DM1_057_Map1_10%_10Vis_20sec+10sec_15accm.txt,0.9998306243200047,15240424.624354998,4.134356836079944,132.81126708523274,0.747497626954079,1.7074438291490541,0.767814185792787,0.6880218126729417,Good,True,False,False
Box1-2,DM1_057,DM1,2,1,DM1_057_Map2_10%_10Vis_20sec+10sec_15accm.txt,0.9977103627476801,12213849.380770002,4.6112857521252595,111.7350574968512,0.315271141887907,2.342477971593248,0.46357980813796323,0.11855414569712092,Good,True,False,False
Box1-2,DM1_057,DM1,2,2,DM1_057_Map2_10%_10Vis_20sec+10sec_15accm.txt,0.9962521462187588,11630932.598484999,4.582194922110512,102.85442847084803,0.2320245507360243,2.3037433307067436,0.335388226365175,-0.27309902366158423,Good,True,False,False
Box1-2,DM1_057,DM1,2,3,DM1_057_Map2_10%_10Vis_20sec+10sec_15accm.txt,0.9963033102015514,12192093.029645,4.652614250614248,106.37730843887275,0.3121641082218659,2.397507152491073,0.3862408804029045,-0.25935721260657213,Good,True,False,False
Box1-2,DM1_057,DM1,3,1,DM1_057_Map3_10%_10Vis_20sec+10sec_15accm.txt,0.9987779880568839,16839695.493839998,4.089282642353345,155.8021518336206,0.9758901732987837,1.6474272291976788,1.0996868350862068,0.405300885803368,Good,True,False,False
Box1-2,DM1_057,DM1,3,2,DM1_057_Map3_10%_10Vis_20sec+10sec_15accm.txt,0.999809489963042,15633778.88419,4.056424176619615,136.15136431677374,0.8036727144476585,1.6036759553552924,0.8160283771673428,0.6823454691926434,Good,True,False,False
Box1-2,DM1_057,DM1,3,3,DM1_057_Map3_10%_10Vis_20sec+10sec_15accm.txt,0.9999369137615202,15175171.327744998,4.078114266941432,131.0915024877969,0.7381787761862016,1.6325564602767921,0.7429894415796665,0.7165694225877022,Good,True,False,False
Box1-2,DM1_058,DM1,1,1,DM1_058_Map1_10%_10Vis_20sec+10sec_15accm.txt,0.9994837872863617,12649660.760945,3.526218786397203,105.37243208304285,0.3775095486164812,0.8977038199455215,0.371735523950932,0.5948670439653434,Good,True,False,True
Box1-2,DM1_058,DM1,1,2,DM1_058_Map1_10%_10Vis_20sec+10sec_15accm.txt,0.9996186984337749,12310337.969445001,3.5566020273248116,101.22237396203435,0.32905071786917056,0.9381593148799197,0.3118295743359508,0.6311019771307975,Good,True,False,True
Box1-2,DM1_058,DM1,1,3,DM1_058_Map1_10%_10Vis_20sec+10sec_15accm.txt,0.998973358273113,12005404.501825,3.6144193474788944,98.47170781061034,0.28550304094694917,1.0151434755949325,0.2721238008093868,0.4577741384834829,Good,True,False,True
Box1-2,DM1_058,DM1,2,1,DM1_058_Map2_10%_10Vis_20sec+10sec_15accm.txt,0.9970960626985519,13113188.114044998,3.337720441142865,111.10575624055527,0.44370608511002774,0.6467169726322739,0.454495865635696,-0.04643682540114773,Good,True,False,True
Box1-2,DM1_058,DM1,2,2,DM1_058_Map2_10%_10Vis_20sec+10sec_15accm.txt,0.9992734207966074,12657503.338135,3.3832585563820974,101.97347892850752,0.37862955036759544,0.7073512872787006,0.3226717493043749,0.5383660368754933,Good,True,False,True
Box1-2,DM1_058,DM1,2,3,DM1_058_Map2_10%_10Vis_20sec+10sec_15accm.txt,0.9996553799737838,12157849.666284999,3.405769456381466,98.80777979870793,0.30727379908010305,0.7373247059493101,0.27697498867204934,0.6409540403302696,Good,True,False,True
Box1-2,DM1_058,DM1,3,1,DM1_058_Map3_10%_10Vis_20sec+10sec_15accm.txt,0.9898188404500111,7502293.630224999,3.7945108281312487,62.801050101126165,-0.35758811894420717,1.2549365246846773,-0.24278094538205167,-2.000979995939083,Good,True,True,True
Box1-2,DM1_058,DM1,3,2,DM1_058_Map3_10%_10Vis_20sec+10sec_15accm.txt,0.9818785477054247,6519972.42544,3.789683760683758,51.223617860177136,-0.49787382386765844,1.248509251072384,-0.4099007910020959,-4.133613083943957,Failed,False,True,True
Box1-2,DM1_058,DM1,3,3,DM1_058_Map3_10%_10Vis_20sec+10sec_15accm.txt,0.9701481251190056,5920706.1916000005,3.618239336953201,46.32193327299346,-0.5834552870810747,1.0202298179372609,-0.48065644341618746,-7.284213212778395,Failed,False,True,True
Box1-2,DM1_059,DM1,1,1,DM1_059_Map1_10%_10Vis_20sec+10sec_15accm.txt,0.9992646818532391,17908676.14085,3.6180793601329584,163.4130779789681,1.1285517496597945,1.0200168076972946,1.2095502984142175,0.536018899259679,Good,True,False,False
Box1-2,DM1_059,DM1,1,2,DM1_059_Map1_10%_10Vis_20sec+10sec_15accm.txt,0.9982827529682764,17078686.093305,3.5991234212156296,147.14368343878746,1.0100205214503988,0.994776844236059,0.9747021345640527,0.2722888205963971,Good,True,False,False
Box1-2,DM1_059,DM1,1,3,DM1_059_Map1_10%_10Vis_20sec+10sec_15accm.txt,0.9975242161865485,16153615.715209998,3.7004428868657797,136.56087938924898,0.8779108311956062,1.1296844118366232,0.8219397134867281,0.06855821629537495,Good,True,False,False
Box1-2,DM1_059,DM1,2,1,DM1_059_Map2_10%_10Vis_20sec+10sec_15accm.txt,0.995064576107424,13392473.935335,3.945264404647681,120.81049185871602,0.4835910108593076,1.4556659519908037,0.5945833983922187,-0.5920609807613199,Good,True,False,False
Box1-2,DM1_059,DM1,2,2,DM1_059_Map2_10%_10Vis_20sec+10sec_15accm.txt,0.9849650169596772,12253822.188979998,3.8904610017443293,106.60467498134163,0.32097967546144074,1.382694842890665,0.3895229088083196,-3.3046377969539003,Suspect,True,False,False
Box1-2,DM1_059,DM1,2,3,DM1_059_Map2_10%_10Vis_20sec+10sec_15accm.txt,0.988568944872757,11132450.376745,3.8850877381156663,94.49094949042333,0.16083609473205424,1.3755403052944786,0.2146616881340613,-2.3366815563658507,Good,True,False,False
Box1-2,DM1_059,DM1,3,1,DM1_059_Map3_10%_10Vis_20sec+10sec_15accm.txt,0.9982515509850716,17808245.991385,3.428681403627085,165.10540702153168,1.1142092777222692,0.7678321217954607,1.2339790113140616,0.263908476957384,Good,True,False,False
Box1-2,DM1_059,DM1,3,2,DM1_059_Map3_10%_10Vis_20sec+10sec_15accm.txt,0.9992439870059759,16190849.80334,3.255706104110546,142.05437570320558,0.8832282470012055,0.5375143169885149,0.9012381483033461,0.5304606009142206,Good,True,False,False
Box1-2,DM1_059,DM1,3,3,DM1_059_Map3_10%_10Vis_20sec+10sec_15accm.txt,0.9994878960022101,15652594.950319998,3.308476960956735,135.93159761890848,0.8063598447753711,0.6077790769893131,0.8128560522635732,0.5959705780099244,Good,True,False,False
Box1-2,DM1_060,DM1,1,1,DM1_060_Map1_10%_10Vis_20sec+10sec_15accm.txt,0.9985727684769957,18725368.637335002,3.4513188488833504,135.8724661778052,1.2451839490025418,0.7979740363487688,0.8120024918969212,0.35018225473345377,Good,True,False,False
Box1-2,DM1_060,DM1,1,2,DM1_060_Map1_10%_10Vis_20sec+10sec_15accm.txt,0.999922824329839,19538637.601340003,3.6235318266476284,143.94203001585615,1.3613272322301266,1.0272768044826859,0.9284863749177404,0.712785231102464,Good,True,False,False
Box1-2,DM1_060,DM1,1,3,DM1_060_Map1_10%_10Vis_20sec+10sec_15accm.txt,0.9999833063914982,19324264.551665,3.647383888565093,144.12131125731995,1.3307125267307887,1.0590359895010333,0.9310742936178842,0.7290297261197434,Good,True,False,False
Box1-2,DM1_060,DM1,2,1,DM1_060_Map2_10%_10Vis_20sec+10sec_15accm.txt,0.9995765013934563,14484860.921260001,3.828327671402098,112.62351960656017,0.6395952563374802,1.2999638848303832,0.4764047288564498,0.6197685405316641,Good,True,False,False
Box1-2,DM1_060,DM1,2,2,DM1_060_Map2_10%_10Vis_20sec+10sec_15accm.txt,0.9986827927301739,13897820.708585002,3.7884810075773436,104.24432164858486,0.5557597963551725,1.246907777012398,0.3554512877122471,0.37973297412863005,Good,True,False,False
Box1-2,DM1_060,DM1,2,3,DM1_060_Map2_10%_10Vis_20sec+10sec_15accm.txt,0.9984729060220718,13477577.9448,3.696012134809007,100.18959932231883,0.4957447502893985,1.1237848349015813,0.2969215070929325,0.3233608285630815,Good,True,False,False
Box1-2,DM1_060,DM1,3,1,DM1_060_Map3_10%_10Vis_20sec+10sec_15accm.txt,0.9974109974601121,21870618.92769,3.326065647121504,163.10589635583702,1.6943584674735277,0.6311985339767001,1.2051161419996885,0.038149513499783676,Good,True,False,False
Box1-2,DM1_060,DM1,3,2,DM1_060_Map3_10%_10Vis_20sec+10sec_15accm.txt,0.9994531024378327,21889928.87915,3.3842931274188306,159.37251545800922,1.6971161297731996,0.7087288257524782,1.1512249141090158,0.5866255942633888,Good,True,False,False
Box1-2,DM1_060,DM1,3,3,DM1_060_Map3_10%_10Vis_20sec+10sec_15accm.txt,0.9991893255520109,22515249.722724997,3.520551119725282,168.2546881374853,1.7864184627748023,0.8901572826659052,1.2794387784678487,0.5157794261623471,Good,True,False,False
Box1-2,DM1_061,DM1,1,1,DM1_061_Map1_10%_10Vis_20sec+10sec_15accm.txt,0.9987066626405512,18569085.446390003,3.5909051534683156,152.02641531483357,1.2228650806908228,0.9838341640258359,1.0451842052293185,0.3861440426264524,Good,True,False,False
Box1-2,DM1_061,DM1,1,2,DM1_061_Map1_10%_10Vis_20sec+10sec_15accm.txt,0.9999860372498858,18480980.386010002,3.6365330482458282,147.35684615307864,1.2102827599157797,1.0445880207469465,0.9777791311866968,0.7297631901296039,Good,True,False,False
Box1-2,DM1_061,DM1,1,3,DM1_061_Map1_10%_10Vis_20sec+10sec_15accm.txt,0.9998879074572272,18493653.43051,3.686751125066446,148.08776960780094,1.2120926027376067,1.111453736529941,0.9883299867107062,0.7034071287759004,Good,True,False,False
Box1-2,DM1_061,DM1,2,1,DM1_061_Map2_10%_10Vis_20sec+10sec_15accm.txt,0.9996088101736318,13962552.521185,3.745609863417972,117.3175346504997,0.5650041737719778,1.1898245527604612,0.5441626783874967,0.6284461517799699,Good,True,False,False
Box1-2,DM1_061,DM1,2,2,DM1_061_Map2_10%_10Vis_20sec+10sec_15accm.txt,0.9986943046650981,13057050.498555,3.773044616817215,104.99538947341468,0.43568904860162866,1.226354116206769,0.3662929265422967,0.3828248920359483,Good,True,False,False
Box1-2,DM1_061,DM1,2,3,DM1_061_Map2_10%_10Vis_20sec+10sec_15accm.txt,0.9981183916700682,12561904.634735,3.7937400356605377,102.7171492292889,0.3649770592771966,1.2539102091915861,0.33340660512319936,0.22814405739667912,Good,True,False,False
Box1-2,DM1_061,DM1,3,1,DM1_061_Map3_10%_10Vis_20sec+10sec_15accm.txt,0.9911374261283393,23606435.23239,3.3344429029256184,197.57767800066827,1.9422511249223275,0.6423529078815439,1.7027151524569364,-1.646829395019574,Good,True,False,False
Box1-2,DM1_061,DM1,3,2,DM1_061_Map3_10%_10Vis_20sec+10sec_15accm.txt,0.9948088479584909,22214124.81383,3.2388244875590835,179.5733908933003,1.743414687727932,0.5150363280699083,1.4428238726582958,-0.6607453894464923,Good,True,False,False
Box1-2,DM1_061,DM1,3,3,DM1_061_Map3_10%_10Vis_20sec+10sec_15accm.txt,0.9963133523320331,22168047.27443,3.3188096638993065,179.07967516616208,1.736834334922373,0.6215371422512717,1.4356971027163654,-0.25666006019314386,Good,True,False,False
Box1-2,DM1_062,DM1,1,1,DM1_062_Map1_10%_10Vis_20sec+10sec_15accm.txt,0.9968263713677034,12980852.426615,3.0683383297644524,116.27605184591351,0.42480716985988803,0.28803283264034535,0.5291289090769966,-0.11887151694419947,Good,True,False,False
Box1-2,DM1_062,DM1,1,2,DM1_062_Map1_10%_10Vis_20sec+10sec_15accm.txt,0.998778569639,11601289.530049998,2.9525801952580184,98.72555616983539,0.22779121164974417,0.13390007783323601,0.27578809335039967,0.40545708927144564,Good,True,False,False
Box1-2,DM1_062,DM1,1,3,DM1_062_Map1_10%_10Vis_20sec+10sec_15accm.txt,0.9990959846047283,10877836.4932,2.932582169783945,91.78454798470422,0.12447457880180854,0.10727256893147208,0.1755948732818106,0.490709570548221,Good,True,False,False
Box1-2,DM1_062,DM1,2,1,DM1_062_Map2_10%_10Vis_20sec+10sec_15accm.txt,0.9962722957963593,12809422.179960001,2.9411103339069378,118.7071175755711,0.4003251441436039,0.1186278783041447,0.5642212612477621,-0.26768717585162183,Good,True,False,False
Box1-2,DM1_062,DM1,2,2,DM1_062_Map2_10%_10Vis_20sec+10sec_15accm.txt,0.9990585286254162,11822386.975399999,2.882820396483487,102.08502734323545,0.2593662309271584,0.04101442443398837,0.32428194692510093,0.48064950558664343,Good,True,False,False
Box1-2,DM1_062,DM1,2,3,DM1_062_Map2_10%_10Vis_20sec+10sec_15accm.txt,0.9996758289922557,11119730.442030001,2.810645983149903,93.44836698274526,0.15901955549887695,-0.055086304911075364,0.1996120446463585,0.6464463130729922,Good,True,False,False
Box1-2,DM1_062,DM1,3,1,DM1_062_Map3_10%_10Vis_20sec+10sec_15accm.txt,0.9972251322020111,10388244.659020001,3.074070500967417,91.3780869341464,0.05455576278913855,0.2956652581481168,0.16972762166624716,-0.011770862497294313,Good,True,False,False
Box1-2,DM1_062,DM1,3,2,DM1_062_Map3_10%_10Vis_20sec+10sec_15accm.txt,0.9948773727808322,8821361.286,2.880016027366128,71.75126838823937,-0.16921151154660793,0.037280387604546175,-0.11358484496199477,-0.6423407401249178,Good,True,False,False
Box1-2,DM1_062,DM1,3,3,DM1_062_Map3_10%_10Vis_20sec+10sec_15accm.txt,0.992914935972022,8073410.417825,2.82897582451533,64.2499360341676,-0.27602669000241925,-0.03067999466016542,-0.22186632559317435,-1.1694192504784346,Good,True,False,False
Box1-2,DM1_063,DM1,1,1,DM1_063_Map1_10%_10Vis_20sec+10sec_15accm.txt,0.99758102049474,9802879.80914,2.525240309524021,76.44034265697148,-0.029040437926898515,-0.4351059285954127,-0.04589821535515233,0.08381492673251609,Good,True,False,False
Box1-2,DM1_063,DM1,1,2,DM1_063_Map1_10%_10Vis_20sec+10sec_15accm.txt,0.9987974894432127,9757988.914970001,2.5100966105330427,71.71857555321306,-0.03545132542744957,-0.45526986829089355,-0.11405676493775191,0.41053864001275486,Good,True,False,False
Box1-2,DM1_063,DM1,1,3,DM1_063_Map1_10%_10Vis_20sec+10sec_15accm.txt,0.9972689578814543,10115431.128290001,2.504457260503988,74.18583292844606,0.015595147580297331,-0.46277870176515296,-0.07844198757844553,0.0,Good,True,False,False
Box1-2,DM1_063,DM1,2,1,DM1_063_Map2_10%_10Vis_20sec+10sec_15acc_m.txt,0.9981431393860004,8507898.07865,2.579419736767662,66.65704784253089,-0.21397732419165363,-0.3629656473915061,-0.18711974747190332,0.2347908901454497,Good,True,False,False
Box1-2,DM1_063,DM1,2,2,DM1_063_Map2_10%_10Vis_20sec+10sec_15acc_m.txt,0.997251135667752,8725823.877335,2.5481367690782943,64.36332158640337,-0.18285524911008924,-0.404619134717151,-0.22022960895421503,-0.004786755837042292,Good,True,False,False
Box1-2,DM1_063,DM1,2,3,DM1_063_Map2_10%_10Vis_20sec+10sec_15acc_m.txt,0.9917477051707735,9228679.421925,2.5735937499999992,70.26856655772512,-0.11104223702824784,-0.3707229889709848,-0.1349875960953312,-1.482918400717964,Good,True,False,False
Box1-2,DM1_063,DM1,3,1,DM1_063_Map3_10%_10Vis_20sec+10sec_15accm.txt,0.998165438824911,10199284.70156,2.5371273414734197,79.79145778223089,0.02757031169080506,-0.41927826353625314,0.002475018945240392,0.24078015562904082,Good,True,False,False
Box1-2,DM1_063,DM1,3,2,DM1_063_Map3_10%_10Vis_20sec+10sec_15accm.txt,0.99735722512616,10311834.73404,2.4607717801102535,76.1780648976449,0.04364362922554143,-0.5209462203319282,-0.049684186003565826,0.023707141877695525,Good,True,False,False
Box1-2,DM1_063,DM1,3,3,DM1_063_Map3_10%_10Vis_20sec+10sec_15accm.txt,0.9971466579406643,10245641.411615,2.4324630453560188,75.50995323025424,0.03419053297516689,-0.5586394959827331,-0.059328355486705474,-0.03284776881403027,Good,True,False,False
Box1-2,DM1_065,DM1,1,1,DM1_065_Map1_10%_10Vis_20sec+10sec_15accm.txt,0.9971306875516581,9492247.538615,2.8078402061855656,77.51209243400469,-0.07340196329182205,-0.05882221629848281,-0.030427543313765036,-0.03713715474958256,Good,True,False,True
Box1-2,DM1_065,DM1,1,2,DM1_065_Map1_10%_10Vis_20sec+10sec_15accm.txt,0.9991158236011891,9058063.093935,2.77702140163573,70.22563929526059,-0.1354080266772321,-0.09985766720119256,-0.13560724968748,0.4960380013310875,Good,True,False,True
Box1-2,DM1_065,DM1,1,3,DM1_065_Map1_10%_10Vis_20sec+10sec_15accm.txt,0.9958508558386457,8472081.120409999,2.817980079475665,66.8244200865949,-0.21909235908089034,-0.045320905049283385,-0.18470373474931318,-0.38087907284309863,Good,True,False,True
Box1-2,DM1_065,DM1,2,1,DM1_065_Map2_10%_10Vis_20sec+10sec_15accm.txt,0.9754287064590591,12110285.504265001,2.6061883535478017,101.28228376376113,0.3004811410721462,-0.32732304944976587,0.3126943703120649,-5.865935215738906,Failed,False,True,True
Box1-2,DM1_065,DM1,2,2,DM1_065_Map2_10%_10Vis_20sec+10sec_15accm.txt,0.9764085395549648,10848214.03021,2.5747678365366315,84.50790071441102,0.120244182387806,-0.3691596846464579,0.07055671428989659,-5.602768031824265,Failed,False,True,True
Box1-2,DM1_065,DM1,2,3,DM1_065_Map2_10%_10Vis_20sec+10sec_15accm.txt,0.9773910253273567,10328593.104895,2.5822976269682845,79.20889953990185,0.046036899224509674,-0.3591337167324158,-0.005934189720077037,-5.3388883822829385,Failed,False,True,True
Box1-2,DM1_065,DM1,3,1,DM1_065_Map3_10%_10Vis_20sec+10sec_15accm.txt,0.9986229309852903,7962543.768449999,2.8321809169764545,65.40509266419234,-0.2918596028870365,-0.026412391933575613,-0.20519167842971323,0.3636550860770217,Good,True,False,True
Box1-2,DM1_065,DM1,3,2,DM1_065_Map3_10%_10Vis_20sec+10sec_15accm.txt,0.9962206381155712,7652131.73078,2.816932907348241,59.38367989125855,-0.3361896767051944,-0.046715221962261355,-0.29211056960387294,-0.2815615861337352,Good,True,False,True
Box1-2,DM1_065,DM1,3,3,DM1_065_Map3_10%_10Vis_20sec+10sec_15accm.txt,0.9949773769243369,7600037.751645,2.7796591505321304,60.24421310207743,-0.343629239802909,-0.09634548634560858,-0.27968880160299336,-0.6154812587133555,Good,True,False,True
Box1-2,DM1_066,DM1,1,1,DM1_066_Map1_10%_10Vis_20sec+10sec_15accm.txt,0.9981979584521943,14192410.30365,2.8920055599682275,124.11750602609996,0.5978302604818757,0.05324453299001402,0.6423200368466192,0.2495143969705952,Good,True,False,False
Box1-2,DM1_066,DM1,1,2,DM1_066_Map1_10%_10Vis_20sec+10sec_15accm.txt,0.9999825244462381,12831030.248105,2.8405605212778413,106.94737030807747,0.40341100145482695,-0.015254890988409037,0.39446970434180906,0.7288197083800536,Good,True,False,False
Box1-2,DM1_066,DM1,1,3,DM1_066_Map1_10%_10Vis_20sec+10sec_15accm.txt,0.9995387020311569,12512130.639205,2.792312343592074,102.41921166169602,0.35786881401508697,-0.07949767248137536,0.3291058863399424,0.6096162485018541,Good,True,False,False
Box1-2,DM1_066,DM1,2,1,DM1_066_Map2_10%_10Vis_20sec+10sec_15accm.txt,0.9989406057899497,11597636.843545,2.842019907744597,100.64639315835886,0.22726956995177194,-0.013311707838401122,0.3035153107767225,0.4489773558515195,Good,True,False,False
Box1-2,DM1_066,DM1,2,2,DM1_066_Map2_10%_10Vis_20sec+10sec_15accm.txt,0.9979893121244799,9843158.785215,2.863299274413497,82.42712022384852,-0.02328818039163251,0.01502191570531479,0.04052071778265204,0.1934753973408056,Good,True,False,False
Box1-2,DM1_066,DM1,2,3,DM1_066_Map2_10%_10Vis_20sec+10sec_15accm.txt,0.9967074570359112,9113573.4008,2.89887549551007,76.17628461161387,-0.12748057637773644,0.06239189956538527,-0.04970988437264061,-0.15080996641645164,Good,True,False,False
Box1-2,DM1_066,DM1,3,1,DM1_066_Map3_10%_10Vis_20sec+10sec_15accm.txt,0.996379552412816,15555380.691825,2.9269064189819978,137.84173774224953,0.7924766355815248,0.09971526757694667,0.8404288608001957,-0.23887979852680447,Good,True,False,False
Box1-2,DM1_066,DM1,3,2,DM1_066_Map3_10%_10Vis_20sec+10sec_15accm.txt,0.9996942512030015,13847512.614120001,2.837712581769989,117.67841165317695,0.5485752761992395,-0.01904694209342147,0.5493719258026475,0.6513942183271679,Good,True,False,False
Box1-2,DM1_066,DM1,3,3,DM1_066_Map3_10%_10Vis_20sec+10sec_15accm.txt,0.9999137003509088,12859319.61975,2.81544758006948,107.53515979914194,0.40745101853246796,-0.04869294548244196,0.40295442590695346,0.7103346792164243,Good,True,False,False
Box1-2,DM1_068,DM1,1,1,DM1_068_Map1_10%_10Vis_20sec+10sec_15accm.txt,0.9992148376229993,16631797.763745,3.774104985322233,164.44593901267746,0.9462002109155067,1.227766004187566,1.2244596127516356,0.5226315522090317,Good,True,False,False
Box1-2,DM1_068,DM1,1,2,DM1_068_Map1_10%_10Vis_20sec+10sec_15accm.txt,0.9998875215271577,14429420.8759,3.525372332104592,133.24562310439032,0.6316778401131016,0.896576760214517,0.774084100343356,0.7033034742555329,Good,True,False,False
Box1-2,DM1_068,DM1,1,3,DM1_068_Map1_10%_10Vis_20sec+10sec_15accm.txt,0.99999493266874,13643369.672665,3.615339721665543,125.66913458988317,0.51942153676283,1.016368960174883,0.6647177430600866,0.7321523545080868,Good,True,False,False
Box1-2,DM1_068,DM1,2,1,DM1_068_Map2_10%_10Vis_20sec+10sec_15accm.txt,0.9983624910118503,14788680.51668,3.66077585679252,147.343669491264,0.6829838607017532,1.0768674875981963,0.9775889265158838,0.2937051582011199,Good,True,False,False
Box1-2,DM1_068,DM1,2,2,DM1_068_Map2_10%_10Vis_20sec+10sec_15accm.txt,0.9995841166800697,13102510.011884999,3.532621057307862,122.0616179270709,0.44218114084387194,0.9062284878376635,0.6126433611752565,0.6218138822752017,Good,True,False,False
Box1-2,DM1_068,DM1,2,3,DM1_068_Map2_10%_10Vis_20sec+10sec_15accm.txt,0.9997596440168914,12494066.509100001,3.5659817500255784,115.61410365441422,0.35528906798775445,0.9506484803745106,0.5195737091613752,0.6689576612763639,Good,True,False,False
Box1-2,DM1_068,DM1,3,1,DM1_068_Map3_10%_10Vis_20sec+10sec_15accm.txt,0.9994938226249808,14620890.521855,3.8405426201701305,144.8538825869623,0.6590217008822681,1.3162281733961243,0.9416489361610277,0.5975623721952767,Good,True,False,False
Box1-2,DM1_068,DM1,3,2,DM1_068_Map3_10%_10Vis_20sec+10sec_15accm.txt,0.9998864299218206,13511176.941484999,3.5861282561841024,125.04250986910786,0.5005430371549532,0.9774736923321126,0.6556724362581796,0.7030102868711835,Good,True,False,False
Box1-2,DM1_068,DM1,3,3,DM1_068_Map3_10%_10Vis_20sec+10sec_15accm.txt,0.9997187660981389,12471480.910825001,3.7029023847316154,114.37888028387594,0.35206360918701546,1.1329592502151078,0.5017433012872967,0.6579785192088601,Good,True,False,False
Box1-2,DM1_070,DM1,1,1,DM1_070_Map1_10%_10Vis_20sec+10sec_15accm.txt,0.9990826418436007,19759236.787355,3.777252209376985,202.02979719246076,1.3928310948820855,1.2319565547317883,1.7669813434852681,0.4871259225920045,Good,True,False,False
Box1-2,DM1_070,DM1,1,2,DM1_070_Map1_10%_10Vis_20sec+10sec_15accm.txt,0.9999999485472069,15893646.25877,3.4594457339116484,147.82125095332486,0.8407844836449252,0.8087950398380969,0.9844827988832219,0.7334995376319371,Good,True,False,False
Box1-2,DM1_070,DM1,1,3,DM1_070_Map1_10%_10Vis_20sec+10sec_15accm.txt,0.9997599758104108,16396388.680340001,3.4535196635090566,146.3494101080476,0.912581340580643,0.8009044362081499,0.963236825707062,0.6690467756025558,Good,True,False,False
Box1-2,DM1_070,DM1,2,1,DM1_070_Map2_10%_10Vis_20sec+10sec_15accm.txt,0.9984007328382379,19440613.98158,3.647774575728465,192.65221322089712,1.3473284378131924,1.0595561921547392,1.6316162337613997,0.3039762888663837,Good,True,False,False
Box1-2,DM1_070,DM1,2,2,DM1_070_Map2_10%_10Vis_20sec+10sec_15accm.txt,0.9966103972328969,18792190.982314996,2.9052744707153275,147.68528053679086,1.2547268762288846,0.07091217920304548,0.9825200704865326,-0.17687864600823688,Good,True,False,False
Box1-2,DM1_070,DM1,2,3,DM1_070_Map2_10%_10Vis_20sec+10sec_15accm.txt,0.9995345850833894,15474334.667285003,3.4293234911777883,141.03863251394557,0.7809024186874434,0.7686870657995187,0.8865759294757256,0.6085105034981213,Good,True,False,False
Box1-2,DM1_070,DM1,3,1,DM1_070_Map3_10%_10Vis_20sec+10sec_15accm.txt,0.9996122288473913,15132175.106620003,3.7370853690701953,149.71017920700174,0.7320384677410788,1.178474129718809,1.011749414793551,0.629364351777272,Good,True,False,False
Box1-2,DM1_070,DM1,3,2,DM1_070_Map3_10%_10Vis_20sec+10sec_15accm.txt,0.9993612028877966,13168498.916355,3.539779993719306,120.76831283190367,0.4516050440800102,0.9157606610649672,0.5939745455565829,0.5619428744337801,Good,True,False,False
Box1-2,DM1_070,DM1,3,3,DM1_070_Map3_10%_10Vis_20sec+10sec_15accm.txt,0.9985001391884544,11535616.329555001,3.537709085835644,104.29712201222154,0.21841239423122344,0.9130032329289525,0.3562134591882704,0.33067521275352985,Good,True,False,False
Box1-2,DM1_072,DM1,1,1,DM1_072_Map1_10%_10Vis_20sec+10sec_15accm.txt,0.9972274704600979,10449463.730995,2.8086395760684493,95.38044217089842,0.06329848423802739,-0.057757849783904566,0.22750148510694954,-0.011142844523094176,Good,True,False,True
Box1-2,DM1_072,DM1,1,2,DM1_072_Map1_10%_10Vis_20sec+10sec_15accm.txt,0.9996974585132337,9219050.138455,2.646509143505319,80.59685812684556,-0.11241739905561392,-0.2736356394146155,0.014100945873861346,0.6522556495293492,Good,True,False,True
Box1-2,DM1_072,DM1,1,3,DM1_072_Map1_10%_10Vis_20sec+10sec_15accm.txt,0.9984579058854166,8663994.79118,2.5408873720136502,71.97657400071344,-0.1916850869409091,-0.4142717569283535,-0.11033256601184734,0.3193320365796438,Good,True,False,True
Box1-2,DM1_072,DM1,2,1,DM1_072_Map2_10%_10Vis_20sec+10sec_15accm.txt,0.9969969878125747,6987710.212915,2.762124235278596,63.68138532667137,-0.4310759934679499,-0.11969334699367572,-0.23007333596356278,-0.07304672340135067,Good,True,True,True
Box1-2,DM1_072,DM1,2,2,DM1_072_Map2_10%_10Vis_20sec+10sec_15accm.txt,0.984172749155442,6078205.24298,2.5408572644696186,51.28056055801651,-0.5609627812286189,-0.41431184533096865,-0.4090788250709591,-3.517428003590175,Failed,False,True,True
Box1-2,DM1_072,DM1,2,3,DM1_072_Map2_10%_10Vis_20sec+10sec_15accm.txt,0.9758423471184515,5594465.6039849995,2.446763113075758,45.870485257472026,-0.6300458427824844,-0.5395988571458218,-0.4871730803603077,-5.754838083033583,Failed,False,True,True
Box1-2,DM1_072,DM1,3,1,DM1_072_Map3_10%_10Vis_20sec+10sec_15accm.txt,0.992980478168108,11790733.75554,2.678590041879943,109.99119286383258,0.2548458212693736,-0.23091970187596392,0.4384071807205009,-1.1518156859084976,Good,True,False,True
Box1-2,DM1_072,DM1,3,2,DM1_072_Map3_10%_10Vis_20sec+10sec_15accm.txt,0.9963421773300196,10121797.044585,2.519442844317125,88.2465570092721,0.016504266767155502,-0.44282529351993616,0.12452409235959304,-0.24891813600406207,Good,True,False,True
Box1-2,DM1_072,DM1,3,3,DM1_072_Map3_10%_10Vis_20sec+10sec_15accm.txt,0.997302805512379,9618510.37383,2.478965509742518,81.7029540414621,-0.055370314623862445,-0.4967211437928725,0.030067403257897495,0.009090921453730581,Good,True,False,True
Box1-2,DM1_074,DM1,1,1,DM1_074_Map1_10%_10Vis_20sec+10sec_15accm.txt,0.9994992456416381,20286572.69091,3.3471464556021577,195.7443498394872,1.468140157336713,0.6592677759227475,1.6762511220146952,0.5990189059947422,Good,True,False,False
Box1-2,DM1_074,DM1,1,2,DM1_074_Map1_10%_10Vis_20sec+10sec_15accm.txt,0.9999985180967611,18012081.700170003,3.2354975765633673,165.66001669219372,1.1433191411316963,0.510606523123982,1.2419847832858981,0.733115341979521,Good,True,False,False
Box1-2,DM1_074,DM1,1,3,DM1_074_Map1_10%_10Vis_20sec+10sec_15accm.txt,0.9996409406161615,17130528.66837,3.263683356809047,156.7872552545641,1.0174241814270075,0.5481360839982803,1.1139067698870828,0.6370758644461423,Good,True,False,False
Box1-2,DM1_074,DM1,2,1,DM1_074_Map2_10%_10Vis_20sec+10sec_15accm.txt,0.9983903316838318,13514941.137309998,3.251799131135201,122.18389497415521,0.5010806035458726,0.5323121555143823,0.614408426243772,0.30118270848422424,Good,True,False,False
Box1-2,DM1_074,DM1,2,2,DM1_074_Map2_10%_10Vis_20sec+10sec_15accm.txt,0.9913648438357615,11645212.287469998,3.289257618276573,106.67616476952038,0.23406383913333295,0.5821883896004236,0.3905548615000041,-1.5857487090489684,Good,True,False,False
Box1-2,DM1_074,DM1,2,3,DM1_074_Map2_10%_10Vis_20sec+10sec_15accm.txt,0.9929122361122128,10441400.33529,3.161029780128025,90.05137955676462,0.062146947301796665,0.41145213835496697,0.15057664522547795,-1.170144388775876,Good,True,False,False
Box1-2,DM1_074,DM1,3,1,DM1_074_Map3_10%_10Vis_20sec+10sec_15accm.txt,0.9973139164935336,25481409.519024998,3.26762052717757,248.15837082927254,2.2100169923724815,0.5533784535097865,2.432845754903745,0.012075149719951297,Good,True,False,False
Box1-2,DM1_074,DM1,3,2,DM1_074_Map3_10%_10Vis_20sec+10sec_15accm.txt,0.9989486300477042,22240568.124505,3.1659250503162166,205.26341554712462,1.7471910680610472,0.4179702243870908,1.8136585158477356,0.45113254057132096,Good,True,False,False
Box1-2,DM1_074,DM1,3,3,DM1_074_Map3_10%_10Vis_20sec+10sec_15accm.txt,0.9991714533976611,20283098.08148,3.1537268139661747,186.67747913462006,1.467643946900812,0.4017281885212167,1.5453711478616277,0.5109792570821493,Good,True,False,False
Box1-2,DM1_076,DM1,1,1,DM1_076_Map1_10%_10Vis_20sec+10sec_15accm.txt,0.9987524044640786,25860910.229255,2.6790781563126247,230.98924537006576,2.2642136486130626,-0.23026977414094002,2.1850100054510144,0.3984295501635444,Good,True,False,False
Box1-2,DM1_076,DM1,1,2,DM1_076_Map1_10%_10Vis_20sec+10sec_15accm.txt,0.9999994164440027,24764859.011245,2.7487415819131384,219.93243075902424,2.1076861126077766,-0.13751244228785556,2.0254052578359913,0.7333566233923822,Good,True,False,False
Box1-2,DM1_076,DM1,1,3,DM1_076_Map1_10%_10Vis_20sec+10sec_15accm.txt,0.9996658594529271,24107557.129370004,2.7654419951013134,214.72115137799207,2.013816554058924,-0.11527572689773917,1.9501806149691006,0.6437686574589835,Good,True,False,False
Box1-2,DM1_076,DM1,2,1,DM1_076_Map2_10%_10Vis_20sec+10sec_15accm.txt,0.9983660836258127,23033884.92879,2.8811324030050813,211.70923043248084,1.8604849749569075,0.03876684947061805,1.9067036372630015,0.29467007569914755,Good,True,False,False
Box1-2,DM1_076,DM1,2,2,DM1_076_Map2_10%_10Vis_20sec+10sec_15accm.txt,0.9968785885881881,22154890.79347,2.817955605685084,195.9583505861583,1.734955452336112,-0.04535349207030737,1.6793402156066017,-0.10484682342828663,Good,True,False,False
Box1-2,DM1_076,DM1,2,3,DM1_076_Map2_10%_10Vis_20sec+10sec_15accm.txt,0.995772862510809,22322746.394874997,2.825878164342095,196.9195401278645,1.7589269814589144,-0.034804550554165724,1.6932149543637318,-0.40182680826528194,Good,True,False,False
Box1-2,DM1_076,DM1,3,1,DM1_076_Map3_10%_10Vis_20sec+10sec_15accm.txt,0.999617927243197,30443762.28577,2.8728334927899577,288.3241948649059,2.91869268070197,0.027716793258086656,3.012638076062402,0.6308948479232729,Suspect,True,False,False
Box1-2,DM1_076,DM1,3,2,DM1_076_Map3_10%_10Vis_20sec+10sec_15accm.txt,0.9993708604691122,27460042.736609995,2.827425259730036,247.55523425385957,2.4925864354037155,-0.03274458237042244,2.4241394986913956,0.5645367432149628,Good,True,False,False
Box1-2,DM1_076,DM1,3,3,DM1_076_Map3_10%_10Vis_20sec+10sec_15accm.txt,0.9993751522158972,25262309.592885002,2.7524377262082176,221.77484107718422,2.1787272396546293,-0.13259100065617943,2.052000388909238,0.5656894363830345,Good,True,False,False
Box3,DM1_080,DM1,1,1,DM1_080_Map1_10%_10Vis_20sec+10sec_15accm_03.txt,0.9931194421571956,13096246.630439999,2.7142846412972848,108.62329192095837,-0.028762375523933813,-0.7949129279500203,-0.1308419427409531,-3.3057320655302886,Suspect,True,False,True
Box3,DM1_080,DM1,1,2,DM1_080_Map1_10%_10Vis_20sec+10sec_15accm_03.txt,0.9986991162106976,13083261.402335001,2.8369802936406243,99.76352654355456,-0.031219628088442395,-0.5838677146174313,-0.31812303567675265,-0.01764648141821935,Good,True,False,True
Box3,DM1_080,DM1,1,3,DM1_080_Map1_10%_10Vis_20sec+10sec_15accm_03.txt,0.9926768835510751,13939080.353805,3.3126133940223434,112.033968615787,0.13073080483813573,0.23425491011263527,-0.05874576052293778,-3.5665305564378906,Failed,False,False,True
Box3,DM1_080,DM1,2,1,DM1_080_Map2_10%_10Vis_20sec+10sec_15accm_03.txt,0.9930548741953706,11672880.927095,3.2149703266908087,94.5880329247667,-0.2981122087726858,0.06630191763196283,-0.42752458979475527,-3.3437817763980635,Suspect,True,True,True
Box3,DM1_080,DM1,2,2,DM1_080_Map2_10%_10Vis_20sec+10sec_15accm_03.txt,0.9896858512367916,11121578.241875,3.2249035807181357,90.06410959089486,-0.40243767199315506,0.08338781819360412,-0.5231530032159641,-5.3291371423971645,Failed,False,True,True
Box3,DM1_080,DM1,2,3,DM1_080_Map2_10%_10Vis_20sec+10sec_15accm_03.txt,0.9878214889276123,10724671.893275,3.3848956033558304,86.27324343245466,-0.47754602858734846,0.3585854303681455,-0.6032857750314246,-6.427800392901344,Failed,False,True,True
Box3,DM1_080,DM1,3,1,DM1_080_Map3_10%_10Vis_20sec+10sec_15accm_03.txt,0.9933955053129673,17046294.399660002,3.2899868930612453,147.23694285018883,0.7187227616152257,0.19533572568267268,0.685388108532349,-3.1430488560643917,Suspect,True,True,True
Box3,DM1_080,DM1,3,2,DM1_080_Map3_10%_10Vis_20sec+10sec_15accm_03.txt,0.9921932527233397,15474168.573495,3.2675337474507313,128.00435939169571,0.4212223875873415,0.15671472473556106,0.2788424386806444,-3.8515327872959553,Failed,False,True,True
Box3,DM1_080,DM1,3,3,DM1_080_Map3_10%_10Vis_20sec+10sec_15accm_03.txt,0.9922151564947412,14499265.3079,3.2291962521463335,118.57291900182145,0.23673709936901927,0.09077151712692588,0.07947706172840638,-3.8386249589367165,Failed,False,True,True
Box3,DM1_082,DM1,1,1,DM1_082_Map1_10__10Vis_20sec+10sec_15accm_03.txt,0.9987290611777571,10264734.570035,2.981824313266514,81.54044987364024,-0.5645820173205575,-0.33472574065118715,-0.7033293667720006,0.0,Good,True,False,False
Box3,DM1_082,DM1,1,2,DM1_082_Map1_10__10Vis_20sec+10sec_15accm_03.txt,0.9998099938069048,10205979.818769999,3.0723635702526066,79.50034820701356,-0.5757004406594146,-0.17899180517208485,-0.7464538123470991,0.6369904337093643,Good,True,False,False
Box3,DM1_082,DM1,1,3,DM1_082_Map1_10__10Vis_20sec+10sec_15accm_03.txt,0.9999397861242382,10355120.23001,3.1027346081130536,82.78340838809918,-0.5474779362083518,-0.12675146868115533,-0.6770552365726364,0.7134766663208213,Good,True,False,False
Box3,DM1_082,DM1,2,1,DM1_082_Map2_10__10Vis_20sec+10sec_15accm_03.txt,0.9984901522216161,10937580.846524999,3.176811565821488,90.88028814193608,-0.4372563188379254,0.0006661459125407159,-0.505900310333193,-0.14078834839991813,Good,True,False,False
Box3,DM1_082,DM1,2,2,DM1_082_Map2_10__10Vis_20sec+10sec_15accm_03.txt,0.9980206276834596,9832489.871515,3.205469250524308,80.87075156196151,-0.6463776073052063,0.049959393604808895,-0.717485704598771,-0.4174777841081482,Good,True,False,False
Box3,DM1_082,DM1,2,3,DM1_082_Map2_10__10Vis_20sec+10sec_15accm_03.txt,0.9957570247277754,9183059.68366,3.176424287635907,75.54101128007954,-0.7692721750149437,0.0,-0.830147783393831,-1.7514123787404539,Good,True,False,False
Box3,DM1_082,DM1,3,1,DM1_082_Map3_10__10Vis_20sec+10sec_15accm_03.txt,0.9894566739683115,15776833.842825,3.0975577686825297,135.25455444987958,0.4784970848999435,-0.1356559992096388,0.43209982154062854,-5.464190635750026,Failed,False,False,False
Box3,DM1_082,DM1,3,2,DM1_082_Map3_10__10Vis_20sec+10sec_15accm_03.txt,0.9938764692386776,13862476.384584999,3.1477265685515095,114.9008016118813,0.11623469446600129,-0.04936210966446823,0.0018544465821270998,-2.8596182227618305,Suspect,True,False,False
Box3,DM1_082,DM1,3,3,DM1_082_Map3_10__10Vis_20sec+10sec_15accm_03.txt,0.9953145530002259,13092015.63261,3.103271351115315,105.79378198302952,-0.02956302609272832,-0.12582823269639493,-0.19065320083583762,-2.0121596723605175,Good,True,False,False
Box3,DM1_084,DM1,1,1,DM1_084_Map1_10%_10Vis_20sec+10sec_15accm_03.txt,0.9574449817541093,7815148.759989999,2.6291644811673796,68.64121881726967,-1.0281280532504447,-0.9413256329678862,-0.9759982228152733,-24.328587136919733,Failed,False,True,True
Box3,DM1_084,DM1,1,2,DM1_084_Map1_10%_10Vis_20sec+10sec_15accm_03.txt,0.9744609858707527,6213884.39534,2.616110222624791,53.40335501430007,-1.3311424427302974,-0.963779882376088,-1.298101988035211,-14.301105728752104,Failed,False,True,True
Box3,DM1_084,DM1,1,3,DM1_084_Map1_10%_10Vis_20sec+10sec_15accm_03.txt,0.9840442803903462,4745453.73093,2.5764295321531114,38.15272333561906,-1.609020119329282,-1.03203348081938,-1.6204756454719107,-8.653698325375508,Failed,False,True,True
Box3,DM1_084,DM1,2,1,DM1_084_Map2_10%_10Vis_20sec+10sec_15accm_03.txt,0.9953122665615621,8196482.80791,2.81303592538531,65.53732339675062,-0.9559665124897367,-0.6250537241462458,-1.0416095456834609,-2.0135070639710477,Good,True,False,True
Box3,DM1_084,DM1,2,2,DM1_084_Map2_10%_10Vis_20sec+10sec_15accm_03.txt,0.999317403612122,7729899.13367,2.780255599488111,58.6448400545846,-1.0442602198326856,-0.6814382067253604,-1.187305482130584,0.3467084740805676,Good,True,False,True
Box3,DM1_084,DM1,2,3,DM1_084_Map2_10%_10Vis_20sec+10sec_15accm_03.txt,0.9995164326742655,7677497.716715,2.7842946466612153,56.94796572036296,-1.0541763734154634,-0.6744907594765953,-1.223174657706976,0.4639957177041882,Good,True,False,True
Box3,DM1_084,DM1,3,1,DM1_084_Map3_10%_10Vis_20sec+10sec_15accm_03.txt,0.9963134374301946,8348337.945995001,2.760415329310565,65.34760090976738,-0.9272302881834754,-0.7155648768414241,-1.045619971829433,-1.4235200022147574,Good,True,False,True
Box3,DM1_084,DM1,3,2,DM1_084_Map3_10%_10Vis_20sec+10sec_15accm_03.txt,0.9971199311026311,7581375.58292,2.6389315529661124,54.62697619001749,-1.0723659930250642,-0.9245255776111555,-1.2722366178627451,-0.9482556422201911,Good,True,False,True
Box3,DM1_084,DM1,3,3,DM1_084_Map3_10%_10Vis_20sec+10sec_15accm_03.txt,0.9957143748415708,7321070.826915,2.5987387157411046,52.77074873631419,-1.1216246216817993,-0.9936601047487363,-1.3114742603350402,-1.7765458318147243,Good,True,False,True
Box3,DM1_086,DM1,1,1,DM1_086_Map1_10__10Vis_20sec+10sec_15accm_03.txt,0.9950354017622516,19608722.43394,2.6647956966773543,159.1708503629947,1.2036224343579762,-0.880037418308418,0.9376515880702192,-2.176662679627437,Good,True,False,False
Box3,DM1_086,DM1,1,2,DM1_086_Map1_10__10Vis_20sec+10sec_15accm_03.txt,0.9996823408976532,18542288.445735,3.023854583725625,160.22738723220633,1.001816379723684,-0.2624306981940366,0.9599850665726603,0.5617649480169011,Good,True,False,False
Box3,DM1_086,DM1,1,3,DM1_086_Map1_10__10Vis_20sec+10sec_15accm_03.txt,0.9996359909131027,18339718.696765,3.0961096266988664,153.45471333891962,0.963483203662123,-0.1381469060025127,0.8168217078603134,0.5344510378202163,Good,True,False,False
Box3,DM1_086,DM1,2,1,DM1_086_Map2_10__10Vis_20sec+10sec_15accm_03.txt,0.9994154858627666,19296916.29604,3.2350111598553055,178.81841424735157,1.144617969762593,0.10077357029271539,1.3529692721223157,0.4045080572299801,Good,True,False,False
Box3,DM1_086,DM1,2,2,DM1_086_Map2_10__10Vis_20sec+10sec_15accm_03.txt,0.9994537686425464,17520852.30927,3.103811326546272,150.34481107828805,0.808525469043077,-0.12489943670530453,0.7510834101193788,0.42706798727368617,Good,True,False,False
Box3,DM1_086,DM1,2,3,DM1_086_Map2_10__10Vis_20sec+10sec_15accm_03.txt,0.9996762064400944,16979585.749809995,3.1139334267376158,143.36223370906367,0.7060991866118917,-0.10748870736439711,0.6034830318348333,0.5581499301373481,Good,True,False,False
Box3,DM1_086,DM1,3,1,DM1_086_Map3_10__10Vis_20sec+10sec_15accm_03.txt,0.9977929262464387,21546828.04263,3.1920464194735345,196.33101314287657,1.5703787931014264,0.026871173374228393,1.7231572535856892,-0.5516615743028589,Good,True,False,False
Box3,DM1_086,DM1,3,2,DM1_086_Map3_10__10Vis_20sec+10sec_15accm_03.txt,0.999285687329964,18214698.923375003,3.0101772879731667,156.77559223201777,0.939825154970732,-0.2859566157368451,0.8870197099646421,0.3280181618606908,Good,True,False,False
Box3,DM1_086,DM1,3,3,DM1_086_Map3_10__10Vis_20sec+10sec_15accm_03.txt,0.999285114193251,16514163.285430001,2.9797854540500692,138.35446355944413,0.6180252201840318,-0.3382327229286491,0.4976268802505073,0.32768041407364035,Good,True,False,False
Box3,DM1_088,DM1,1,1,DM1_088_Map1_10__10Vis_20sec+10sec_15accm_03.txt,0.9997282684674836,17065820.674965,3.7234139960758657,155.0808936950243,0.722417805682264,0.9408610452260115,0.851196527218256,0.5888299304558053,Good,True,False,False
Box3,DM1_088,DM1,1,2,DM1_088_Map1_10__10Vis_20sec+10sec_15accm_03.txt,0.9995729979521532,15441763.662895,3.825160958116195,137.06610373691964,0.41509026198810933,1.1158730273103943,0.4703930399196629,0.49732947035717545,Good,True,False,False
Box3,DM1_088,DM1,1,3,DM1_088_Map1_10__10Vis_20sec+10sec_15accm_03.txt,0.9987443676616844,14175119.17232,3.8156401784370106,122.70184235410726,0.17539748203700173,1.0994966118457012,0.1667558151857383,0.009020066165572176,Good,True,False,False
Box3,DM1_088,DM1,2,1,DM1_088_Map2_10__10Vis_20sec+10sec_15accm_03.txt,0.9998222583843716,15690768.406490002,3.8597721490173313,148.2737527291476,0.4622105389540674,1.175406727387924,0.7073045904059277,0.644217913303491,Good,True,False,False
Box3,DM1_088,DM1,2,2,DM1_088_Map2_10__10Vis_20sec+10sec_15accm_03.txt,0.9996549169996816,14242113.323859999,3.801521367250608,126.50534576663638,0.1880750837970649,1.075211256481203,0.2471557180883851,0.5456041252312003,Good,True,False,False
Box3,DM1_088,DM1,2,3,DM1_088_Map2_10__10Vis_20sec+10sec_15accm_03.txt,0.9996091560468944,13848403.950289998,3.7804303203874823,122.85256218340672,0.11357170503057039,1.0389331618655906,0.1699417883075877,0.5186373297280923,Good,True,False,False
Box3,DM1_088,DM1,3,1,DM1_088_Map3_10__10Vis_20sec+10sec_15accm_03.txt,0.9989105988159566,18319834.454815,3.5532132543535915,167.29216288342363,0.9597204199720825,0.6481037130784382,1.1093229834299927,0.10697959870306277,Good,True,False,False
Box3,DM1_088,DM1,3,2,DM1_088_Map3_10__10Vis_20sec+10sec_15accm_03.txt,0.999017617962817,16985632.34126,3.472834901582132,146.7214185420156,0.707243410050011,0.509847252609033,0.6744907594765952,0.17004566862784468,Good,True,False,False
Box3,DM1_088,DM1,3,3,DM1_088_Map3_10__10Vis_20sec+10sec_15accm_03.txt,0.9995294674895863,16824008.713785,3.4361254496359965,143.89012162965847,0.676658650977101,0.44670439490112407,0.6146417276360499,0.47167709621068243,Good,True,False,False
Box3,DM1_101,DM1,1,1,DM1_101_Map1_10%_10Vis_20sec+10sec_15accm_03.txt,0.9950124535513125,7847900.9537349995,3.186706270813341,66.10793069277081,-1.0219302097145109,0.017685739402497017,-1.029547831463765,-2.190185993148331,Good,True,True,True
Box3,DM1_101,DM1,1,2,DM1_101_Map1_10%_10Vis_20sec+10sec_15accm_03.txt,0.9867394138663071,6539703.690159999,2.8861601515804516,52.08374139777485,-1.2694862060212404,-0.49927487524335784,-1.325996482960112,-7.065464058536382,Failed,False,True,True
Box3,DM1_101,DM1,1,3,DM1_101_Map1_10%_10Vis_20sec+10sec_15accm_03.txt,0.9835540344306734,5380561.21078,2.7602873614542687,43.07581713890516,-1.4888359014641073,-0.7157849906190192,-1.516409414727654,-8.942598834117183,Failed,False,True,True
Box3,DM1_101,DM1,2,1,DM1_101_Map2_10%_10Vis_20sec+10sec_15accm_03.txt,0.9991658929952507,12694318.503674999,3.3648315229083967,117.16129512224074,-0.1048210255727019,0.3240737907339907,0.04963761884017761,0.2574237111361118,Good,True,False,True
Box3,DM1_101,DM1,2,2,DM1_101_Map2_10%_10Vis_20sec+10sec_15accm_03.txt,1.0,10340005.28528,3.1516096863817906,88.47464435262458,-0.5503382045378624,-0.04268287193081143,-0.5567517244378514,0.7489605270190489,Good,True,False,True
Box3,DM1_101,DM1,2,3,DM1_101_Map2_10%_10Vis_20sec+10sec_15accm_03.txt,0.9995186124143243,9663164.52047,3.118706355881969,80.51799052171727,-0.678419797841044,-0.09927893113962374,-0.7249425017427008,0.4652802321392021,Good,True,False,True
Box3,DM1_101,DM1,3,1,DM1_101_Map3_10%_10Vis_20sec+10sec_15accm_03.txt,0.9972792835900224,14159545.479619998,3.182400833555452,131.52340608151076,0.1724504027853695,0.010280082337822804,0.35322938710272456,-0.8543496879369191,Good,True,False,True
Box3,DM1_101,DM1,3,2,DM1_101_Map3_10%_10Vis_20sec+10sec_15accm_03.txt,0.9989688326809769,12114031.3798,2.971180589279249,100.65566162341374,-0.2146313432477826,-0.35303369987096245,-0.2992647447756732,0.14129664486821789,Good,True,False,True
Box3,DM1_101,DM1,3,3,DM1_101_Map3_10%_10Vis_20sec+10sec_15accm_03.txt,0.9987151687199697,11386379.02999,2.903715478941636,92.4111135579199,-0.35232823915007233,-0.4690784686282561,-0.47354113999550607,-0.008186784701141423,Good,True,False,True
Box3,DM1_102,DM1,1,1,DM1_102_Map1_10%_10Vis_20sec+10sec_15accm_03.txt,0.9994663252189194,17429153.348569997,4.1568917018284095,154.4564815771938,0.7911728661838224,1.6864734050630878,0.8379974661948234,0.43446754096839635,Good,True,False,False
Box3,DM1_102,DM1,1,2,DM1_102_Map1_10%_10Vis_20sec+10sec_15accm_03.txt,0.9999461117100766,17127974.113420002,4.272108306668005,149.99293434858805,0.7341793777395003,1.884654126901428,0.7436453058683382,0.717204315536004,Good,True,False,False
Box3,DM1_102,DM1,1,3,DM1_102_Map1_10%_10Vis_20sec+10sec_15accm_03.txt,0.9999163756522502,18347931.48898,4.291112970711296,156.44296700240776,0.9650373469215949,1.917343495275354,0.87998855125041,0.6996809437171818,Good,True,False,False
Box3,DM1_102,DM1,2,1,DM1_102_Map2_10%_10Vis_20sec+10sec_15accm_03.txt,0.9997341399318823,18023668.955535002,4.420637368012503,164.0744825886598,0.9036757031030225,2.1401346336582794,1.0413064325788528,0.5922899672360541,Good,True,False,False
Box3,DM1_102,DM1,2,2,DM1_102_Map2_10%_10Vis_20sec+10sec_15accm_03.txt,0.999873629496831,17220409.494425,4.357009904340843,149.50907819246274,0.7516713366938788,2.030690889010989,0.733417370264764,0.6744907594765952,Good,True,False,False
Box3,DM1_102,DM1,2,3,DM1_102_Map2_10%_10Vis_20sec+10sec_15accm_03.txt,0.9996945668279725,16569410.89536,4.29220781642112,144.22748229743416,0.6284799715434796,1.919226707451035,0.6217729858447293,0.5689696529602294,Good,True,False,False
Box3,DM1_102,DM1,3,1,DM1_102_Map3_10%_10Vis_20sec+10sec_15accm_03.txt,0.9989536713123576,15159897.402905002,4.069082571780412,137.0558106262913,0.361751453874118,1.5354354813095115,0.4701754602292232,0.13236209472879137,Good,True,False,False
Box3,DM1_102,DM1,3,2,DM1_102_Map3_10%_10Vis_20sec+10sec_15accm_03.txt,0.9998562274783912,14197284.956699999,4.3711518853847116,123.94113785715169,0.17959201216552007,2.055016098171595,0.19295251525553114,0.664235800957923,Good,True,False,False
Box3,DM1_102,DM1,3,3,DM1_102_Map3_10%_10Vis_20sec+10sec_15accm_03.txt,0.9995985074354398,13575813.670380002,4.390809262789232,117.51070369717772,0.06198823195232952,2.0888281797626136,0.05702355029635708,0.5123621341738391,Good,True,False,False
Box3,DM1_103,DM1,1,1,DM1_103_Map1_10__10Vis_20sec+10sec_15accm_03.txt,0.9986582126291587,13864575.14113,3.3951494850687136,128.53430596254853,0.1166318515171354,0.3762228332610121,0.29004465101462124,-0.041750842265679336,Good,True,False,False
Box3,DM1_103,DM1,1,2,DM1_103_Map1_10__10Vis_20sec+10sec_15accm_03.txt,0.9951781123665495,11975153.783760002,3.3258439092831233,106.33422743259136,-0.24091176945690992,0.2570123335614943,-0.17922905920740761,-2.092563738328626,Good,True,False,False
Box3,DM1_103,DM1,1,3,DM1_103_Map1_10__10Vis_20sec+10sec_15accm_03.txt,0.9945413169154588,10610150.726275,3.294594653908614,92.98041944925849,-0.4992173792194535,0.2032614007367266,-0.4615069353633374,-2.467825433309795,Good,True,False,False
Box3,DM1_103,DM1,2,1,DM1_103_Map2_10__10Vis_20sec+10sec_15accm_03.txt,0.9998403488251194,19483297.828565,3.348285874601018,182.15723513719735,1.179887777506505,0.29561410361333057,1.4235465389833517,0.6548785570728015,Good,True,False,False
Box3,DM1_103,DM1,2,2,DM1_103_Map2_10__10Vis_20sec+10sec_15accm_03.txt,0.9996995863783269,17512390.317445002,3.2441475246634672,157.7069227403869,0.8069241686312021,0.11648876494873465,0.9067065287529442,0.5719276592883166,Good,True,False,False
Box3,DM1_103,DM1,2,3,DM1_103_Map2_10__10Vis_20sec+10sec_15accm_03.txt,0.9994245303543459,16284513.63896,3.21438694315833,144.22700435663324,0.574567594475499,0.06529845663138721,0.6217628829501556,0.40983794963805753,Good,True,False,False
Box3,DM1_103,DM1,3,1,DM1_103_Map3_10__10Vis_20sec+10sec_15accm_03.txt,0.9993001478844229,21968471.92899,3.3599407663491196,211.1373488106856,1.650168344173597,0.31566134300909443,2.0361392128273854,0.3365397242671199,Good,True,False,False
Box3,DM1_103,DM1,3,2,DM1_103_Map3_10__10Vis_20sec+10sec_15accm_03.txt,0.9998712599813141,18837739.5617,3.1954595978308458,167.49343857125422,1.057725910655414,0.03274208192561874,1.1135776255330958,0.6730944109197134,Good,True,False,False
Box3,DM1_103,DM1,3,3,DM1_103_Map3_10__10Vis_20sec+10sec_15accm_03.txt,0.9999650650134909,16812552.59973,3.098310859623597,146.64576338032685,0.6744907594765952,-0.13436062944485203,0.6728915318713765,0.7283734417484371,Good,True,False,False
Box3,DM1_104,DM1,1,1,DM1_104_Map1_10__10Vis_20sec+10sec_15accm_03.txt,0.8260078542784959,3033102.28751,2.355210173341277,25.985106438031803,-1.933056011626347,-1.4125464483294026,-1.8776793629446182,-101.7841015497042,Failed,False,True,True
Box3,DM1_104,DM1,1,2,DM1_104_Map1_10__10Vis_20sec+10sec_15accm_03.txt,0.7468412187985619,2734597.393074,2.2035309242759267,21.814239849833175,-1.9895434226629645,-1.6734455011136593,-1.9658447284879825,-148.43676806180048,Failed,False,True,True
Box3,DM1_104,DM1,1,3,DM1_104_Map1_10__10Vis_20sec+10sec_15accm_03.txt,0.6774621351801089,2422199.4774094997,2.140259101308999,18.418027893240932,-2.04865987200114,-1.7822775185565491,-2.0376351495632874,-189.3216589169503,Failed,False,True,True
Box3,DM1_104,DM1,2,1,DM1_104_Map2_10__10Vis_20sec+10sec_15accm_03.txt,0.9984315567097135,14222897.783984998,2.5617929586191788,125.59298512468467,0.18443884157979568,-1.0572094240979817,0.2278698915571194,-0.17531851201397083,Good,True,False,True
Box3,DM1_104,DM1,2,2,DM1_104_Map2_10__10Vis_20sec+10sec_15accm_03.txt,0.9999999999999999,12030452.049254999,2.4123943590801704,97.3073695743984,-0.23044743231922327,-1.3141855981442305,-0.37004221660434516,0.7489605270189834,Good,True,False,True
Box3,DM1_104,DM1,2,3,DM1_104_Map2_10__10Vis_20sec+10sec_15accm_03.txt,0.9998722754149361,11230239.840005,2.4163881635027797,93.01514060998439,-0.38187515368315467,-1.3073159716311442,-0.46077298625162283,0.6736928029802514,Good,True,False,True
Box3,DM1_104,DM1,3,1,DM1_104_Map3_10__10Vis_20sec+10sec_15accm_03.txt,0.9967185001697254,14465759.28784,2.639556466641818,134.1404544223321,0.2303966059211431,-0.9234506818223898,0.4085495510863973,-1.1848177157118092,Good,True,False,True
Box3,DM1_104,DM1,3,2,DM1_104_Map3_10__10Vis_20sec+10sec_15accm_03.txt,0.9992104726149105,13248239.963325,2.488353545541975,114.81307272603907,0.0,-1.1835304167646783,0.0,0.28369435048581465,Good,True,False,True
Box3,DM1_104,DM1,3,3,DM1_104_Map3_10__10Vis_20sec+10sec_15accm_03.txt,0.9994728516469507,12818844.852145,2.502447160362883,108.91003559381033,-0.08125634987716784,-1.159288400933648,-0.12478064583786529,0.43831354589977006,Good,True,False,True
Box3,DM1_106,DM1,1,1,DM1_106_Map1_10%_10Vis_20sec+10sec_15accm_03.txt,0.9980119044962885,18304520.04198,4.0929202104539275,147.4100296938622,0.9568224054044162,1.5764379083973064,0.6890468841178328,-0.422618332769162,Good,True,False,False
Box3,DM1_106,DM1,1,2,DM1_106_Map1_10%_10Vis_20sec+10sec_15accm_03.txt,0.9994604831514632,18158324.675595,4.31258411843876,146.6565391776007,0.9291572049116691,1.9542753903025551,0.6731193147758593,0.43102482772025963,Good,True,False,False
Box3,DM1_106,DM1,1,3,DM1_106_Map1_10%_10Vis_20sec+10sec_15accm_03.txt,0.9994825017009239,17893955.96361,4.3574084090457825,145.1628067145198,0.8791295357595991,2.0313763453320712,0.6415442293957259,0.4440002944537303,Good,True,False,False
Box3,DM1_106,DM1,2,1,DM1_106_Map2_10%_10Vis_20sec+10sec_15accm_03.txt,0.9995530092876537,17141585.290375,4.267943071750429,143.08606710013245,0.7367550813935455,1.8774896277935034,0.5976453169349645,0.48555020888846157,Good,True,False,False
Box3,DM1_106,DM1,2,2,DM1_106_Map2_10%_10Vis_20sec+10sec_15accm_03.txt,0.9999316481975434,16672265.930595,4.37427854878796,138.6473125572938,0.6479436880881704,2.0603941807063477,0.5038172338373321,0.7086810099450261,Good,True,False,False
Box3,DM1_106,DM1,2,3,DM1_106_Map2_10%_10Vis_20sec+10sec_15accm_03.txt,0.999976977957957,16761744.12792,4.352340431834759,135.47079329391556,0.6648760460003001,2.0226590655325216,0.43667076053518916,0.7353937050447832,Good,True,False,False
Box3,DM1_106,DM1,3,1,DM1_106_Map3_10%_10Vis_20sec+10sec_15accm_03.txt,0.9990159703576629,12563808.98251,4.225506555423121,99.26759894972398,-0.12951792369280954,1.8044958136661124,-0.3286061419254228,0.16907473973423628,Good,True,False,False
Box3,DM1_106,DM1,3,2,DM1_106_Map3_10%_10Vis_20sec+10sec_15accm_03.txt,0.9967567833952267,10736929.944265,4.177610155763581,83.19169208615556,-0.4752263829879413,1.7221106134495274,-0.6684247803536846,-1.1622575230057517,Good,True,False,False
Box3,DM1_106,DM1,3,3,DM1_106_Map3_10%_10Vis_20sec+10sec_15accm_03.txt,0.992706862684965,10005808.67584,3.9597148216772338,74.83195722456038,-0.6135797178140497,1.3473152039288472,-0.8451360379143026,-3.5488639406065023,Failed,False,False,False
Box3,DM1_107,DM1,1,1,DM1_107_Map1_10%_10Vis_20sec+10sec_15accm_03.txt,0.9523014483717519,11364758.61719,2.9674792220628965,100.61813072177128,-0.356419566184835,-0.3594003136741266,-0.3000580872603841,-27.35965630041571,Failed,False,True,True
Box3,DM1_107,DM1,1,2,DM1_107_Map1_10%_10Vis_20sec+10sec_15accm_03.txt,0.9697825913981677,11042199.29307,2.878621480040968,87.18475366943174,-0.41745890411490855,-0.5122419243026227,-0.5840179246842114,-17.058069894506804,Failed,False,True,True
Box3,DM1_107,DM1,1,3,DM1_107_Map1_10%_10Vis_20sec+10sec_15accm_03.txt,0.9632628022712377,11736641.743785,3.0467419084688236,95.27384600527562,-0.2860464653710457,-0.2230628783830784,-0.4130276118505137,-20.900162539014232,Failed,False,True,True
Box3,DM1_107,DM1,2,1,DM1_107_Map2_10%_10Vis_20sec+10sec_15accm_03.txt,0.7965143693978162,5891043.163935,1.339210846213004,29.616222198754212,-1.3922351272318303,-3.160137260590104,-1.8009234558436364,-119.16452584178695,Failed,False,True,True
Box3,DM1_107,DM1,2,2,DM1_107_Map2_10%_10Vis_20sec+10sec_15accm_03.txt,0.847520927556641,6030369.896939999,1.4345720628651562,32.129724115302984,-1.3658697088338756,-2.996109212915754,-1.7477920955902324,-89.10651045073698,Failed,False,True,True
Box3,DM1_107,DM1,2,3,DM1_107_Map2_10%_10Vis_20sec+10sec_15accm_03.txt,0.8925134408945269,6025145.67636,1.5470691006256174,34.56462851110301,-1.3668583113685373,-2.802606339097506,-1.6963221596478384,-62.59255406534197,Failed,False,True,True
Box3,DM1_107,DM1,3,1,DM1_107_Map3_10%_10Vis_20sec+10sec_15accm_03.txt,0.9831209958409484,9096147.973595,2.7198740748112944,66.30761040181036,-0.7857188651089634,-0.7852987063713164,-1.0253269257678412,-9.197787207234656,Failed,False,True,True
Box3,DM1_107,DM1,3,2,DM1_107_Map3_10%_10Vis_20sec+10sec_15accm_03.txt,0.9955925421347651,9330452.71104,2.0417004625957045,57.30040212337339,-0.7413803357964398,-1.9518053586695077,-1.215724722868465,-1.8483414892455747,Good,True,True,True
Box3,DM1_107,DM1,3,3,DM1_107_Map3_10%_10Vis_20sec+10sec_15accm_03.txt,0.9644656534700665,9318982.89993,1.7338879571722439,48.99768199293768,-0.7435508192516844,-2.4812646722868203,-1.391230781339701,-20.191325849132944,Failed,False,True,True
